enzyme,site,site_length,fst5,fst3,ovhg
SdeAI,CAGRAG,6,27,19,2
PpiI,GAACNNNNNCTC,12,-7,-24,5
AjuI,GAANNNNNNNTTGG,14,-7,-26,5
BspTNI,GGTCTC,6,7,5,-4
AbaSI,C,1,12,9,2
BceAI,ACGGC,5,17,14,-2
BtgZI,GCGATG,6,16,14,-4
BarI,GAAGNNNNNNTAC,13,-7,-25,5
Tth111II,CAARCA,6,17,9,2
Alw26I,GTCTC,5,6,5,-4
Sth132I,CCCG,4,8,8,-4
BstV2I,GAAGAC,6,8,6,-4
SdeOSI,GACNNNNRTGA,11,-11,-24,2
FalI,AAGNNNNNCTT,11,-8,-24,5
FokI,GGATG,5,14,13,-4
MnlI,CCTC,4,11,6,1
CspCI,CAANNNNNGTGG,12,-11,-25,2
StsI,GGATG,5,15,14,-4
FaqI,GGGAC,5,15,14,-4
CjeNIII,GKAAYG,6,25,17,2
NgoAVIII,GACNNNNNTGA,11,-12,-25,2
LpnPI,CCDG,4,14,14,-4
PleI,GAGTC,5,9,5,-1
Hin4I,GAYNNNNNVTC,11,-8,-24,5
PpsI,GAGTC,5,9,5,-1
Bse3DI,GCAATG,6,8,0,2
BmeDI,C,1,3,0,2
DrdIV,TACGAC,6,26,18,2
RdeGBIII,TGRYCA,6,-9,-17,2
BsaI,GGTCTC,6,7,5,-4
BsmI,GAATGC,6,7,-1,2
PlaDI,CATCAG,6,27,19,2
BinI,GGATC,5,9,5,-1
BcoDI,GTCTC,5,6,5,-4
BsmAI,GTCTC,5,6,5,-4
TspGWI,ACGGA,5,16,9,2
BtsIMutI,CAGTG,5,7,0,2
RdeGBII,ACCCAG,6,26,18,2
BseXI,GCAGC,5,13,12,-4
SspD5I,GGTGA,5,13,8,0
AlwI,GGATC,5,9,5,-1
RpaB5I,CGRGGAC,7,27,18,2
SgeI,CNNG,4,13,13,-4
BspQI,GCTCTTC,7,8,4,-3
BccI,CCATC,5,9,5,-1
BspMI,ACCTGC,6,10,8,-4
TsoI,TARCCA,6,17,9,2
BstV1I,GCAGC,5,13,12,-4
BfiI,ACTGGG,6,11,4,1
CjeI,CCANNNNNNGT,11,-8,-25,6
AarI,CACCTGC,7,11,8,-4
Esp3I,CGTCTC,6,7,5,-4
Eco57I,CTGAAG,6,22,14,2
MmeI,TCCRAC,6,26,18,2
AquII,GCCGNAC,7,27,18,2
Eam1104I,CTCTTC,6,7,4,-3
HphI,GGTGA,5,13,7,1
CdpI,GCGGAG,6,26,18,2
BbvII,GAAGAC,6,8,6,-4
LguI,GCTCTTC,7,8,4,-3
BdaI,TGANNNNNNTCA,12,-10,-24,2
BspD6I,GAGTC,5,9,6,-2
Lsp1109I,GCAGC,5,13,12,-4
CjePI,CCANNNNNNNTC,12,-7,-25,6
TstI,CACNNNNNNTCC,12,-8,-25,5
PciSI,GCTCTTC,7,8,4,-3
SgrTI,CCDS,4,14,14,-4
DraRI,CAAGNAC,7,27,18,2
MlyI,GAGTC,5,10,5,0
Bce83I,CTTGAG,6,22,14,2
BseNI,ACTGG,5,6,-1,2
Mva1269I,GAATGC,6,7,-1,2
BcefI,ACGGC,5,17,13,-1
AmaCSI,GCTCCA,6,17,9,2
NmeA6CIII,GCCGAC,6,27,19,2
TaqII,GACCGA,6,17,9,2
BtsI,GCAGTG,6,8,0,2
RceI,CATCGAC,7,27,18,2
RleAI,CCCACA,6,18,9,3
BbvI,GCAGC,5,13,12,-4
TspRI,CASTG,5,7,-7,10
UcoMSI,GAGCTC,6,-7,-11,-2
PctI,GAATGC,6,7,-1,2
ArsI,GACNNNNNNTTYG,13,-8,-26,5
AsuHPI,GGTGA,5,13,7,1
GsuI,CTGGAG,6,22,14,2
RpaBI,CCCGCAG,7,27,18,2
BspPI,GGATC,5,9,5,-1
BmuI,ACTGGG,6,11,4,1
AloI,GAACNNNNNNTCC,13,-7,-25,5
BscAI,GCATC,5,9,6,-2
TaqIII,CACCCA,6,17,9,2
BspCNI,CTCAG,5,14,7,2
ApyPI,ATCGAC,6,26,18,2
BstMAI,GTCTC,5,6,5,-4
AquIV,GRGGAAG,7,26,17,2
Eco31I,GGTCTC,6,7,5,-4
MboII,GAAGA,5,13,7,1
CseI,GACGC,5,10,10,-5
CchIII,CCCAAG,6,26,18,2
BceSIV,GCAGC,5,-7,-10,-2
Ksp632I,CTCTTC,6,7,4,-3
FspEI,CC,2,14,16,-4
BsgI,GTGCAG,6,22,14,2
BpmI,CTGGAG,6,22,14,2
HgaI,GACGC,5,10,10,-5
Eco57MI,CTGRAG,6,22,14,2
MspJI,CNNR,4,13,13,-4
TscAI,CASTG,5,7,-7,10
NgoAVII,GCCGC,5,12,7,0
YkrI,C,1,11,9,1
BmsI,GCATC,5,10,9,-4
AceIII,CAGCTC,6,13,11,-4
BfuAI,ACCTGC,6,10,8,-4
BseMI,GCAATG,6,8,0,2
LmnI,GCTCC,5,6,-1,2
NlaCI,CATCAC,6,25,17,2
Bse1I,ACTGG,5,6,-1,2
BpuEI,CTTGAG,6,22,14,2
BsuI,GTATCC,6,12,5,1
PspPRI,CCYCAG,6,21,13,2
Hin4II,CCTTC,5,11,5,1
BsmFI,GGGAC,5,15,14,-4
EciI,GGCGGA,6,17,9,2
AlfI,GCANNNNNNTGC,12,-10,-24,2
RpaI,GTYGGAG,7,18,9,2
AclWI,GGATC,5,9,5,-1
Bso31I,GGTCTC,6,7,5,-4
BfuI,GTATCC,6,12,5,1
BpiI,GAAGAC,6,8,6,-4
SstE37I,CGAAGAC,7,27,18,2
AcuI,CTGAAG,6,22,14,2
Bst6I,CTCTTC,6,7,4,-3
AquIII,GAGGAG,6,26,18,2
EarI,CTCTTC,6,7,4,-3
HpyAV,CCTTC,5,11,5,1
BsaXI,ACNNNNNCTCC,11,-9,-23,3
WviI,CACRAG,6,27,19,2
BveI,ACCTGC,6,10,8,-4
CchII,GGARGA,6,17,9,2
NmeAIII,GCCGAG,6,27,19,2
NmeDI,RCCGGY,6,-12,-13,-5
SchI,GAGTC,5,10,5,0
BbsI,GAAGAC,6,8,6,-4
BseRI,GAGGAG,6,16,8,2
FauI,CCCGC,5,9,6,-2
BstF5I,GGATG,5,7,0,2
CstMI,AAGGAG,6,26,18,2
BmrI,ACTGGG,6,11,4,1
LweI,GCATC,5,10,9,-4
AspBHI,YSCNS,5,13,12,-4
SapI,GCTCTTC,7,8,4,-3
Bsp24I,GACNNNNNNTGG,12,-8,-25,5
SfaNI,GCATC,5,10,9,-4
BseGI,GGATG,5,7,0,2
MaqI,CRTTGAC,7,28,19,2
HauII,TGGCCA,6,17,9,2
BsrDI,GCAATG,6,8,0,2
PspOMII,CGCCCAR,7,27,18,2
BseMII,CTCAG,5,15,8,2
TspDTI,ATGAA,5,16,9,2
BaeI,ACNNNNGTAYC,11,-10,-26,5
BsmBI,CGTCTC,6,7,5,-4
BciVI,GTATCC,6,12,5,1
BsbI,CAACAC,6,27,19,2
PsrI,GAACNNNNNNTAC,13,-7,-25,5
BplI,GAGNNNNNCTC,11,-8,-24,5
BsrI,ACTGG,5,6,-1,2
BtsCI,GGATG,5,7,0,2
RlaII,ACACAG,6,26,18,2
BcgI,CGANNNNNNTGC,12,-10,-24,2
Acc36I,ACCTGC,6,10,8,-4
BslFI,GGGAC,5,15,14,-4
