module_length,plasmid,successes,tests,success_rate
7,pGEX-4T-1,128,1000,0.128
7,pMAL-c5X,106,1000,0.106
7,pET-21a(+),107,1000,0.107
7,pET-28a(+),88,1000,0.088
7,pET-28a(+)_start_codon,104,1000,0.104
7,pCold_I,141,1000,0.141
7,pUC18,192,1000,0.192
7,pQE-3,138,1000,0.138
8,pGEX-4T-1,187,1000,0.187
8,pMAL-c5X,133,1000,0.133
8,pET-21a(+),149,1000,0.149
8,pET-28a(+),121,1000,0.121
8,pET-28a(+)_start_codon,141,1000,0.141
8,pCold_I,192,1000,0.192
8,pUC18,232,1000,0.232
8,pQE-3,158,1000,0.158
9,pGEX-4T-1,213,1000,0.213
9,pMAL-c5X,178,1000,0.178
9,pET-21a(+),176,1000,0.176
9,pET-28a(+),142,1000,0.142
9,pET-28a(+)_start_codon,187,1000,0.187
9,pCold_I,250,1000,0.25
9,pUC18,306,1000,0.306
9,pQE-3,201,1000,0.201
10,pGEX-4T-1,243,1000,0.243
10,pMAL-c5X,213,1000,0.213
10,pET-21a(+),219,1000,0.219
10,pET-28a(+),184,1000,0.184
10,pET-28a(+)_start_codon,201,1000,0.201
10,pCold_I,252,1000,0.252
10,pUC18,338,1000,0.338
10,pQE-3,242,1000,0.242
11,pGEX-4T-1,274,1000,0.274
11,pMAL-c5X,257,1000,0.257
11,pET-21a(+),245,1000,0.245
11,pET-28a(+),201,1000,0.201
11,pET-28a(+)_start_codon,272,1000,0.272
11,pCold_I,309,1000,0.309
11,pUC18,407,1000,0.407
11,pQE-3,287,1000,0.287
12,pGEX-4T-1,316,1000,0.316
12,pMAL-c5X,272,1000,0.272
12,pET-21a(+),274,1000,0.274
12,pET-28a(+),234,1000,0.234
12,pET-28a(+)_start_codon,292,1000,0.292
12,pCold_I,354,1000,0.354
12,pUC18,400,1000,0.4
12,pQE-3,324,1000,0.324
13,pGEX-4T-1,358,1000,0.358
13,pMAL-c5X,327,1000,0.327
13,pET-21a(+),336,1000,0.336
13,pET-28a(+),272,1000,0.272
13,pET-28a(+)_start_codon,313,1000,0.313
13,pCold_I,397,1000,0.397
13,pUC18,485,1000,0.485
13,pQE-3,340,1000,0.34
14,pGEX-4T-1,429,1000,0.429
14,pMAL-c5X,339,1000,0.339
14,pET-21a(+),340,1000,0.34
14,pET-28a(+),302,1000,0.302
14,pET-28a(+)_start_codon,363,1000,0.363
14,pCold_I,426,1000,0.426
14,pUC18,494,1000,0.494
14,pQE-3,389,1000,0.389
15,pGEX-4T-1,428,1000,0.428
15,pMAL-c5X,357,1000,0.357
15,pET-21a(+),370,1000,0.37
15,pET-28a(+),340,1000,0.34
15,pET-28a(+)_start_codon,401,1000,0.401
15,pCold_I,479,1000,0.479
15,pUC18,535,1000,0.535
15,pQE-3,421,1000,0.421
16,pGEX-4T-1,470,1000,0.47
16,pMAL-c5X,418,1000,0.418
16,pET-21a(+),445,1000,0.445
16,pET-28a(+),406,1000,0.406
16,pET-28a(+)_start_codon,407,1000,0.407
16,pCold_I,531,1000,0.531
16,pUC18,529,1000,0.529
16,pQE-3,440,1000,0.44
17,pGEX-4T-1,520,1000,0.52
17,pMAL-c5X,483,1000,0.483
17,pET-21a(+),451,1000,0.451
17,pET-28a(+),358,1000,0.358
17,pET-28a(+)_start_codon,465,1000,0.465
17,pCold_I,560,1000,0.56
17,pUC18,605,1000,0.605
17,pQE-3,483,1000,0.483
18,pGEX-4T-1,549,1000,0.549
18,pMAL-c5X,485,1000,0.485
18,pET-21a(+),495,1000,0.495
18,pET-28a(+),427,1000,0.427
18,pET-28a(+)_start_codon,502,1000,0.502
18,pCold_I,604,1000,0.604
18,pUC18,638,1000,0.638
18,pQE-3,509,1000,0.509
19,pGEX-4T-1,593,1000,0.593
19,pMAL-c5X,519,1000,0.519
19,pET-21a(+),548,1000,0.548
19,pET-28a(+),447,1000,0.447
19,pET-28a(+)_start_codon,516,1000,0.516
19,pCold_I,611,1000,0.611
19,pUC18,653,1000,0.653
19,pQE-3,571,1000,0.571
20,pGEX-4T-1,613,1000,0.613
20,pMAL-c5X,544,1000,0.544
20,pET-21a(+),561,1000,0.561
20,pET-28a(+),455,1000,0.455
20,pET-28a(+)_start_codon,528,1000,0.528
20,pCold_I,640,1000,0.64
20,pUC18,692,1000,0.692
20,pQE-3,592,1000,0.592
21,pGEX-4T-1,634,1000,0.634
21,pMAL-c5X,561,1000,0.561
21,pET-21a(+),557,1000,0.557
21,pET-28a(+),478,1000,0.478
21,pET-28a(+)_start_codon,577,1000,0.577
21,pCold_I,688,1000,0.688
21,pUC18,732,1000,0.732
21,pQE-3,581,1000,0.581
22,pGEX-4T-1,653,1000,0.653
22,pMAL-c5X,578,1000,0.578
22,pET-21a(+),610,1000,0.61
22,pET-28a(+),516,1000,0.516
22,pET-28a(+)_start_codon,596,1000,0.596
22,pCold_I,682,1000,0.682
22,pUC18,753,1000,0.753
22,pQE-3,616,1000,0.616
23,pGEX-4T-1,669,1000,0.669
23,pMAL-c5X,660,1000,0.66
23,pET-21a(+),618,1000,0.618
23,pET-28a(+),553,1000,0.553
23,pET-28a(+)_start_codon,610,1000,0.61
23,pCold_I,708,1000,0.708
23,pUC18,791,1000,0.791
23,pQE-3,620,1000,0.62
24,pGEX-4T-1,688,1000,0.688
24,pMAL-c5X,627,1000,0.627
24,pET-21a(+),636,1000,0.636
24,pET-28a(+),574,1000,0.574
24,pET-28a(+)_start_codon,642,1000,0.642
24,pCold_I,733,1000,0.733
24,pUC18,796,1000,0.796
24,pQE-3,657,1000,0.657
25,pGEX-4T-1,718,1000,0.718
25,pMAL-c5X,681,1000,0.681
25,pET-21a(+),655,1000,0.655
25,pET-28a(+),603,1000,0.603
25,pET-28a(+)_start_codon,688,1000,0.688
25,pCold_I,772,1000,0.772
25,pUC18,817,1000,0.817
25,pQE-3,703,1000,0.703
26,pGEX-4T-1,725,1000,0.725
26,pMAL-c5X,704,1000,0.704
26,pET-21a(+),676,1000,0.676
26,pET-28a(+),601,1000,0.601
26,pET-28a(+)_start_codon,693,1000,0.693
26,pCold_I,767,1000,0.767
26,pUC18,831,1000,0.831
26,pQE-3,694,1000,0.694
27,pGEX-4T-1,747,1000,0.747
27,pMAL-c5X,696,1000,0.696
27,pET-21a(+),714,1000,0.714
27,pET-28a(+),623,1000,0.623
27,pET-28a(+)_start_codon,719,1000,0.719
27,pCold_I,786,1000,0.786
27,pUC18,834,1000,0.834
27,pQE-3,730,1000,0.73
28,pGEX-4T-1,769,1000,0.769
28,pMAL-c5X,744,1000,0.744
28,pET-21a(+),717,1000,0.717
28,pET-28a(+),638,1000,0.638
28,pET-28a(+)_start_codon,711,1000,0.711
28,pCold_I,800,1000,0.8
28,pUC18,862,1000,0.862
28,pQE-3,743,1000,0.743
29,pGEX-4T-1,783,1000,0.783
29,pMAL-c5X,757,1000,0.757
29,pET-21a(+),730,1000,0.73
29,pET-28a(+),660,1000,0.66
29,pET-28a(+)_start_codon,744,1000,0.744
29,pCold_I,821,1000,0.821
29,pUC18,879,1000,0.879
29,pQE-3,735,1000,0.735
30,pGEX-4T-1,798,1000,0.798
30,pMAL-c5X,754,1000,0.754
30,pET-21a(+),770,1000,0.77
30,pET-28a(+),663,1000,0.663
30,pET-28a(+)_start_codon,761,1000,0.761
30,pCold_I,826,1000,0.826
30,pUC18,881,1000,0.881
30,pQE-3,756,1000,0.756
31,pGEX-4T-1,824,1000,0.824
31,pMAL-c5X,783,1000,0.783
31,pET-21a(+),783,1000,0.783
31,pET-28a(+),695,1000,0.695
31,pET-28a(+)_start_codon,744,1000,0.744
31,pCold_I,841,1000,0.841
31,pUC18,880,1000,0.88
31,pQE-3,775,1000,0.775
32,pGEX-4T-1,831,1000,0.831
32,pMAL-c5X,772,1000,0.772
32,pET-21a(+),790,1000,0.79
32,pET-28a(+),698,1000,0.698
32,pET-28a(+)_start_codon,781,1000,0.781
32,pCold_I,860,1000,0.86
32,pUC18,890,1000,0.89
32,pQE-3,803,1000,0.803
33,pGEX-4T-1,845,1000,0.845
33,pMAL-c5X,799,1000,0.799
33,pET-21a(+),833,1000,0.833
33,pET-28a(+),738,1000,0.738
33,pET-28a(+)_start_codon,794,1000,0.794
33,pCold_I,862,1000,0.862
33,pUC18,911,1000,0.911
33,pQE-3,817,1000,0.817
34,pGEX-4T-1,876,1000,0.876
34,pMAL-c5X,821,1000,0.821
34,pET-21a(+),794,1000,0.794
34,pET-28a(+),771,1000,0.771
34,pET-28a(+)_start_codon,800,1000,0.8
34,pCold_I,890,1000,0.89
34,pUC18,914,1000,0.914
34,pQE-3,847,1000,0.847
35,pGEX-4T-1,853,1000,0.853
35,pMAL-c5X,826,1000,0.826
35,pET-21a(+),840,1000,0.84
35,pET-28a(+),786,1000,0.786
35,pET-28a(+)_start_codon,839,1000,0.839
35,pCold_I,892,1000,0.892
35,pUC18,927,1000,0.927
35,pQE-3,864,1000,0.864
36,pGEX-4T-1,886,1000,0.886
36,pMAL-c5X,832,1000,0.832
36,pET-21a(+),841,1000,0.841
36,pET-28a(+),773,1000,0.773
36,pET-28a(+)_start_codon,830,1000,0.83
36,pCold_I,904,1000,0.904
36,pUC18,932,1000,0.932
36,pQE-3,846,1000,0.846
37,pGEX-4T-1,886,1000,0.886
37,pMAL-c5X,852,1000,0.852
37,pET-21a(+),868,1000,0.868
37,pET-28a(+),777,1000,0.777
37,pET-28a(+)_start_codon,837,1000,0.837
37,pCold_I,912,1000,0.912
37,pUC18,941,1000,0.941
37,pQE-3,868,1000,0.868
38,pGEX-4T-1,917,1000,0.917
38,pMAL-c5X,861,1000,0.861
38,pET-21a(+),856,1000,0.856
38,pET-28a(+),804,1000,0.804
38,pET-28a(+)_start_codon,843,1000,0.843
38,pCold_I,928,1000,0.928
38,pUC18,941,1000,0.941
38,pQE-3,873,1000,0.873
39,pGEX-4T-1,906,1000,0.906
39,pMAL-c5X,878,1000,0.878
39,pET-21a(+),849,1000,0.849
39,pET-28a(+),814,1000,0.814
39,pET-28a(+)_start_codon,873,1000,0.873
39,pCold_I,937,1000,0.937
39,pUC18,949,1000,0.949
39,pQE-3,866,1000,0.866
40,pGEX-4T-1,930,1000,0.93
40,pMAL-c5X,890,1000,0.89
40,pET-21a(+),868,1000,0.868
40,pET-28a(+),826,1000,0.826
40,pET-28a(+)_start_codon,878,1000,0.878
40,pCold_I,915,1000,0.915
40,pUC18,945,1000,0.945
40,pQE-3,895,1000,0.895
41,pGEX-4T-1,929,1000,0.929
41,pMAL-c5X,889,1000,0.889
41,pET-21a(+),882,1000,0.882
41,pET-28a(+),823,1000,0.823
41,pET-28a(+)_start_codon,896,1000,0.896
41,pCold_I,937,1000,0.937
41,pUC18,969,1000,0.969
41,pQE-3,901,1000,0.901
42,pGEX-4T-1,935,1000,0.935
42,pMAL-c5X,920,1000,0.92
42,pET-21a(+),903,1000,0.903
42,pET-28a(+),840,1000,0.84
42,pET-28a(+)_start_codon,867,1000,0.867
42,pCold_I,940,1000,0.94
42,pUC18,958,1000,0.958
42,pQE-3,900,1000,0.9
43,pGEX-4T-1,929,1000,0.929
43,pMAL-c5X,899,1000,0.899
43,pET-21a(+),906,1000,0.906
43,pET-28a(+),851,1000,0.851
43,pET-28a(+)_start_codon,913,1000,0.913
43,pCold_I,933,1000,0.933
43,pUC18,960,1000,0.96
43,pQE-3,912,1000,0.912
44,pGEX-4T-1,942,1000,0.942
44,pMAL-c5X,901,1000,0.901
44,pET-21a(+),902,1000,0.902
44,pET-28a(+),875,1000,0.875
44,pET-28a(+)_start_codon,916,1000,0.916
44,pCold_I,958,1000,0.958
44,pUC18,980,1000,0.98
44,pQE-3,907,1000,0.907
45,pGEX-4T-1,951,1000,0.951
45,pMAL-c5X,916,1000,0.916
45,pET-21a(+),910,1000,0.91
45,pET-28a(+),866,1000,0.866
45,pET-28a(+)_start_codon,894,1000,0.894
45,pCold_I,950,1000,0.95
45,pUC18,964,1000,0.964
45,pQE-3,918,1000,0.918
46,pGEX-4T-1,950,1000,0.95
46,pMAL-c5X,921,1000,0.921
46,pET-21a(+),921,1000,0.921
46,pET-28a(+),876,1000,0.876
46,pET-28a(+)_start_codon,923,1000,0.923
46,pCold_I,952,1000,0.952
46,pUC18,973,1000,0.973
46,pQE-3,938,1000,0.938
47,pGEX-4T-1,943,1000,0.943
47,pMAL-c5X,926,1000,0.926
47,pET-21a(+),933,1000,0.933
47,pET-28a(+),887,1000,0.887
47,pET-28a(+)_start_codon,917,1000,0.917
47,pCold_I,959,1000,0.959
47,pUC18,976,1000,0.976
47,pQE-3,935,1000,0.935
48,pGEX-4T-1,960,1000,0.96
48,pMAL-c5X,925,1000,0.925
48,pET-21a(+),931,1000,0.931
48,pET-28a(+),892,1000,0.892
48,pET-28a(+)_start_codon,922,1000,0.922
48,pCold_I,960,1000,0.96
48,pUC18,977,1000,0.977
48,pQE-3,933,1000,0.933
49,pGEX-4T-1,964,1000,0.964
49,pMAL-c5X,932,1000,0.932
49,pET-21a(+),939,1000,0.939
49,pET-28a(+),888,1000,0.888
49,pET-28a(+)_start_codon,924,1000,0.924
49,pCold_I,957,1000,0.957
49,pUC18,984,1000,0.984
49,pQE-3,937,1000,0.937
50,pGEX-4T-1,961,1000,0.961
50,pMAL-c5X,921,1000,0.921
50,pET-21a(+),939,1000,0.939
50,pET-28a(+),915,1000,0.915
50,pET-28a(+)_start_codon,952,1000,0.952
50,pCold_I,944,1000,0.944
50,pUC18,976,1000,0.976
50,pQE-3,953,1000,0.953
51,pGEX-4T-1,966,1000,0.966
51,pMAL-c5X,938,1000,0.938
51,pET-21a(+),947,1000,0.947
51,pET-28a(+),910,1000,0.91
51,pET-28a(+)_start_codon,937,1000,0.937
51,pCold_I,980,1000,0.98
51,pUC18,986,1000,0.986
51,pQE-3,945,1000,0.945
52,pGEX-4T-1,973,1000,0.973
52,pMAL-c5X,940,1000,0.94
52,pET-21a(+),944,1000,0.944
52,pET-28a(+),915,1000,0.915
52,pET-28a(+)_start_codon,938,1000,0.938
52,pCold_I,976,1000,0.976
52,pUC18,982,1000,0.982
52,pQE-3,946,1000,0.946
53,pGEX-4T-1,963,1000,0.963
53,pMAL-c5X,953,1000,0.953
53,pET-21a(+),965,1000,0.965
53,pET-28a(+),924,1000,0.924
53,pET-28a(+)_start_codon,942,1000,0.942
53,pCold_I,978,1000,0.978
53,pUC18,991,1000,0.991
53,pQE-3,948,1000,0.948
54,pGEX-4T-1,970,1000,0.97
54,pMAL-c5X,953,1000,0.953
54,pET-21a(+),951,1000,0.951
54,pET-28a(+),928,1000,0.928
54,pET-28a(+)_start_codon,968,1000,0.968
54,pCold_I,975,1000,0.975
54,pUC18,980,1000,0.98
54,pQE-3,951,1000,0.951
55,pGEX-4T-1,982,1000,0.982
55,pMAL-c5X,946,1000,0.946
55,pET-21a(+),947,1000,0.947
55,pET-28a(+),931,1000,0.931
55,pET-28a(+)_start_codon,955,1000,0.955
55,pCold_I,974,1000,0.974
55,pUC18,991,1000,0.991
55,pQE-3,954,1000,0.954
56,pGEX-4T-1,971,1000,0.971
56,pMAL-c5X,966,1000,0.966
56,pET-21a(+),965,1000,0.965
56,pET-28a(+),919,1000,0.919
56,pET-28a(+)_start_codon,957,1000,0.957
56,pCold_I,982,1000,0.982
56,pUC18,987,1000,0.987
56,pQE-3,959,1000,0.959
57,pGEX-4T-1,977,1000,0.977
57,pMAL-c5X,953,1000,0.953
57,pET-21a(+),969,1000,0.969
57,pET-28a(+),933,1000,0.933
57,pET-28a(+)_start_codon,963,1000,0.963
57,pCold_I,981,1000,0.981
57,pUC18,987,1000,0.987
57,pQE-3,969,1000,0.969
58,pGEX-4T-1,976,1000,0.976
58,pMAL-c5X,955,1000,0.955
58,pET-21a(+),956,1000,0.956
58,pET-28a(+),937,1000,0.937
58,pET-28a(+)_start_codon,960,1000,0.96
58,pCold_I,986,1000,0.986
58,pUC18,996,1000,0.996
58,pQE-3,969,1000,0.969
59,pGEX-4T-1,981,1000,0.981
59,pMAL-c5X,965,1000,0.965
59,pET-21a(+),966,1000,0.966
59,pET-28a(+),946,1000,0.946
59,pET-28a(+)_start_codon,979,1000,0.979
59,pCold_I,983,1000,0.983
59,pUC18,991,1000,0.991
59,pQE-3,973,1000,0.973
60,pGEX-4T-1,984,1000,0.984
60,pMAL-c5X,976,1000,0.976
60,pET-21a(+),969,1000,0.969
60,pET-28a(+),951,1000,0.951
60,pET-28a(+)_start_codon,966,1000,0.966
60,pCold_I,985,1000,0.985
60,pUC18,989,1000,0.989
60,pQE-3,965,1000,0.965
