enzyme,r1.1,r2.1,r3.1,rCutSmart,heat_inac,incu_temp,notes
AatII,<10,50*,50,100,80°C,37°C,
AccI,50,50,10,100,80°C,37°C,
Acc65I,10,75*,100,25,65°C,37°C,
AciI,<10,25,100,100,65°C,37°C,
AclI,<10,<10,<10,100,No,37°C,
AcuI,50,100,50,100,65°C,37°C,"1, b, d"
AfeI,25,100,25,100,65°C,37°C,
AflII,50,100,10,100,65°C,37°C,
AflIII,10,50,100,50,80°C,37°C,
AgeI,100,50,10,100,65°C,37°C,
AhdI,25,25,10,100,65°C,37°C,a
AleI,<10,<10,<10,100,65°C,37°C,
AluI,25,100,50,100,80°C,37°C,b
AlwI,50,50,10,100,No,37°C,"1, b, d"
AlwNI,10,100,50,100,80°C,37°C,
ApaI,25,25,<10,100,65°C,37°C,
ApaLI,100,100,10,100,No,37°C,
ApeKI,25,50,100,10,No,75°C,
ApoI,10,100,10,100,80°C,37°C,
AscI,<10,10,10,100,80°C,37°C,
AseI,<10,50*,100,10,65°C,37°C,3
AsiSI,100,100,25,100,80°C,37°C,"2, b"
AvaI,<10,100,25,100,80°C,37°C,
AvaII,50,75,10,100,80°C,37°C,
AvrII,100,50,50,100,No,37°C,
BaeGI,75,75,100,25,80°C,37°C,
BaeI,50,100,50,100,65°C,37°C,e
BamHI,75*,100*,100,100*,No,37°C,3
BamHI,100,50,10,100,No,37°C,
BanI,10,25,<10,100,65°C,37°C,1
BanII,100,100,50,100,80°C,37°C,2
BbsI,100,100,25,75,65°C,37°C,
BbsI,10,10,10,100,65°C,37°C,
BbvCI,10,100,50,100,No,37°C,"1, a"
BbvI,100,100,25,100,65°C,37°C,3
BccI,100,50,10,100,65°C,37°C,"3, b"
BceAI,100*,100*,100,100*,65°C,37°C,1
BcgI,10,75*,100,50*,65°C,37°C,e
BciVI,100,25,<10,100,80°C,37°C,b
BclI,50,100,100,75,No,37°C,
BclI,100,100,10,100,65°C,37°C,
BcoDI,50,75,75,100,No,37°C,
BfaI,<10,10,<10,100,80°C,37°C,"2, b"
BfuAI,<10,25,100,10,65°C,50°C,3
BglI,10,25,100,10,65°C,37°C,
BglII,10,10,100,<10,No,37°C,
BlpI,50,100,10,100,No,37°C,d
BmgBI,<10,10,100,10,65°C,37°C,"3, b, d"
BmrI,75,100,75,100*,65°C,37°C,b
BmtI,50,100,10,100,65°C,37°C,
BpmI,75,100,100,100*,65°C,37°C,2
BpuEI,50*,100,50*,100,65°C,37°C,d
Bpu10I,10,25,100,25,80°C,37°C,"3, b, d"
BsaAI,100,100,100,100,No,37°C,
BsaBI,50,100,75,100,80°C,60°C,2
BsaHI,50,100,100,100,80°C,37°C,
BsaIv2,100,100,100,100,80°C,37°C,
BsaJI,50,100,100,100,80°C,60°C,
BsaWI,10,100,50,100,80°C,60°C,
BsaXI,50*,100*,10,100,No,37°C,e
BseRI,100,100,75,100,80°C,37°C,d
BseYI,10,50,100,50,80°C,37°C,d
BsgI,25,50,25,100,65°C,37°C,d
BsiEI,25,50,<10,100,No,60°C,
BsiHKAI,25,100,100,100,No,65°C,
BsiWI,25,50*,100,25,80°C,55°C,
BsiWI,50,100,10,100,80°C,37°C,
BslI,50,75,100,100,No,37°C,b
BsmAI,50,100,100,100,No,37°C,
BsmBI,<10,50,100,25,80°C,55°C,
BsmFI,25,50,50,100,80°C,37°C,1
BsmI,25,100,<10,100,80°C,65°C,
BsoBI,25,100,100,100,80°C,37°C,
BspCNI,100,75,10,100,80°C,37°C,b
BspDI,25,75,50,100,80°C,37°C,
BspEI,<10,10,100,<10,80°C,37°C,
BspHI,10,50,25,100,80°C,37°C,
Bsp1286I,25,25,25,100,65°C,37°C,3
BspMI,10,50*,100,10,65°C,37°C,
BspQI,100*,100*,100,100*,80°C,50°C,3
BspQI,10,50,25,100,80°C,37°C,
BsrBI,50,100,100,100,80°C,37°C,d
BsrDI,10,100,75,25,80°C,37°C,"3, d"
BsrFI,25,25,0,100,No,37°C,
BsrGI,10,100,100,100,80°C,37°C,
BsrI,<10,50,100,10,80°C,65°C,b
BssHII,100,100,100,100,65°C,37°C,
BssSI,10,25,<10,100,No,37°C,
BstAPI,50,100,25,100,80°C,60°C,b
BstBI,75,100,10,100,No,65°C,
BstEII,<10,10,<10,100,No,37°C,
BstNI,10,100,100,75,No,60°C,a
BstUI,50,100,25,100,No,60°C,b
BstXI,<10,50,100,25,80°C,37°C,3
BstYI,25,100,75,100,No,60°C,
BstZ17I,100,100,10,100,No,37°C,
Bsu36I,25,100,100,100,80°C,37°C,b
BtgI,50,100,100,100,80°C,37°C,
BtgZI,10,25,<10,100,80°C,60°C,"3, b, d"
BtsCI,10,100,25,100,80°C,50°C,
BtsIMutI,100,50,10,100,80°C,55°C,b
BtsI,100,100,25,100,No,37°C,1
Cac8I,50,75,100,100,65°C,37°C,b
ClaI,10,50,50,100,65°C,37°C,
CspCI,10,100,10,100,65°C,37°C,e
CviKI-1,25,100,100,100,No,37°C,"1, b"
CviQI,75,100*,100,75*,No,25°C,b
DdeI,75,100,100,100,65°C,37°C,
DpnI,100,100,75,100,80°C,37°C,b
DpnII,25,25,100*,25,65°C,37°C,
DraI,75,75,50,100,65°C,37°C,
DraIII,<10,50,10,100,No,37°C,b
DrdI,25,50,10,100,65°C,37°C,3
EaeI,10,50,<10,100,65°C,37°C,b
EagI,25,100,100,100,65°C,37°C,
EarI,50,10,<10,100,65°C,37°C,"b, d"
EciI,100,50,50,100,65°C,37°C,2
Eco53kI,100,100,<10,100,65°C,37°C,"3, b"
EcoNI,50,100,75,100,65°C,37°C,b
EcoO109I,50,100,50,100,65°C,37°C,3
EcoP15I,75,100,100,100,65°C,37°C,e
EcoRI,25,100*,50,50*,65°C,37°C,
EcoRI,10,100,<10,100,65°C,37°C,
EcoRV,10,50,100,10,80°C,37°C,
EcoRV,25,100,100,100,65°C,37°C,
Esp3I,100,100,<10,100,65°C,37°C,
FatI,10,100,50,50,80°C,55°C,
FauI,100,50,10,100,65°C,55°C,"3, b, d"
Fnu4HI,<10,<10,<10,100,No,37°C,a
FokI,100,100,75,100,65°C,37°C,"3, b, d"
FseI,100,75,<10,100,65°C,37°C,
FspI,10,100,10,100,No,37°C,b
HaeII,25,100,10,100,80°C,37°C,
HaeIII,50,100,25,100,80°C,37°C,
HgaI,100,100,25,100*,65°C,37°C,1
HhaI,25,100,100,100,65°C,37°C,
HincII,25,100,100,100,65°C,37°C,
HindIII,25,100,50,50,80°C,37°C,
HindIII,10,100,10,100,80°C,37°C,
HinfI,50,100,100,100,80°C,37°C,
HinP1I,100,100,100,100,65°C,37°C,
HpaI,<10,75*,25,100,No,37°C,1
HpaII,100,50,<10,100,80°C,37°C,
HphI,50,50,<10,100,65°C,37°C,"1, b, d"
HpyAV,100,100,25,100,65°C,37°C,"3, b, d"
HpyCH4III,100,25,<10,100,65°C,37°C,b
HpyCH4IV,100,50,25,100,65°C,37°C,
HpyCH4V,50,50,25,100,65°C,37°C,
Hpy99I,50,10,<10,100,65°C,37°C,
Hpy188I,25,100,50,100,65°C,37°C,"1, b"
Hpy166II,100,100,50,100,65°C,37°C,
Hpy188III,100,100,10,100,65°C,37°C,"3, b"
I-CeuI,10,10,10,100,65°C,37°C,
I-SceI,10,50,25,100,65°C,37°C,
KasI,50,100,50,100,65°C,37°C,3
KpnI,100,25,<10,100,No,37°C,
MboI,75,100,100,100,65°C,37°C,
MboII,100*,100,50,100,65°C,37°C,b
MfeI,75,25,<10,100,No,37°C,
MluCI,100,10,10,100,No,37°C,
MluI,25,100,100,100,No,37°C,
MlyI,50,50,10,100,65°C,37°C,"b, d"
MmeI,50,100,50,100,65°C,37°C,"b, c"
MnlI,75,100,50,100,65°C,37°C,b
MscI,25,100,100,100,80°C,37°C,
MseI,75,100,75,100,65°C,37°C,
MslI,50,50,<10,100,80°C,37°C,
MspA1I,10,50,10,100,65°C,37°C,
MspI,75,100,50,100,No,37°C,
MspJI,<10,<10,<10,100,65°C,37°C,"1, e"
MwoI,<10,100,100,100,No,60°C,
NaeI,25,25,<10,100,No,37°C,b
NarI,100,100,10,100,65°C,37°C,
Nb.BbvCI,25,100,100,100,80°C,37°C,e
Nb.BsmI,<10,50,100,10,80°C,65°C,e
Nb.BsrDI,25,100,100,100,80°C,37°C,e
Nb.BssSI,10,100,100,25,No,37°C,e
Nb.BtsI,75,100,75,100,80°C,37°C,e
NciI,100,25,10,100,No,37°C,b
NcoI,100,100,100,100+,80°C,37°C,
NcoI,50,100,10,100,80°C,37°C,
NdeI,75,100,100,100,65°C,37°C,
NgoMIV,100,50,10,100,No,37°C,1
NheI,100,25,10,100,80°C,37°C,
NlaIII,<10,<10,<10,100,65°C,37°C,
NlaIV,10,10,10,100,65°C,37°C,
NmeAIII,10,10,<10,100,65°C,37°C,c
NotI,<10,50,100,25,65°C,37°C,
NotI,25,100,25,100,65°C,37°C,
NruI,0,25,50,100,No,37°C,
NsiI,10,75,100,25,65°C,37°C,
NsiI,<10,20,<10,100,80°C,37°C,
NspI,100,100,<10,100,65°C,37°C,
Nt.AlwI,10,100,100,100,80°C,37°C,e
Nt.BbvCI,50,100,10,100,80°C,37°C,e
Nt.BsmAI,100,50,10,100,65°C,37°C,e
Nt.BspQI,<10,25,100,10,80°C,50°C,e
Nt.BstNBI,0,10,100,10,80°C,55°C,e
Nt.CviPII,10,100,25,100,65°C,37°C,e
PacI,100,75,10,100,65°C,37°C,
PaeR7I,25,100,10,100,No,37°C,
PaqCI,10,100,10,100,65°C,37°C,1
PciI,50,75,100,50*,80°C,37°C,
PflFI,25,100,25,100,65°C,37°C,b
PflMI,0,100,100,50,65°C,37°C,"3, b, d"
PI-PspI,10,10,10,10,No,65°C,
PI-SceI,10,10,10,10,65°C,37°C,
PleI,25,50,25,100,65°C,37°C,"b, d"
PluTI,100,25,<10,100,65°C,37°C,b
PmeI,<10,50,10,100,65°C,37°C,
PmlI,100,50,<10,100,65°C,37°C,
PpuMI,<10,<10,<10,100,No,37°C,
PshAI,25,50,10,100,65°C,37°C,
PsiI,25,50,10,100,65°C,37°C,3
PspGI,25,100,50,100,No,75°C,3
PspOMI,10,10,<10,100,65°C,37°C,
PspXI,<10,100,25,100,No,37°C,
PstI,75,75,100,50*,80°C,37°C,
PstI,10,75,50,100,No,37°C,
PvuI,25,100,100,100,No,37°C,
PvuII,50,100,100,100*,No,37°C,
PvuII,<10,<10,<10,100,No,37°C,
RsaI,25,50,<10,100,No,37°C,
RsrII,25,75,10,100,65°C,37°C,
SacI,10,50,<10,100,65°C,37°C,
SacII,10,100,10,100,65°C,37°C,
SalI,<10,<10,100,<10,65°C,37°C,
SalI,10,100,100,100,65°C,37°C,
SapI,75,50,<10,100,65°C,37°C,
Sau3AI,100,50,10,100+,65°C,37°C,b
Sau96I,50,100,100,100,65°C,37°C,
SbfI,50,25,<10,100,80°C,37°C,
ScaI,100,100,10,100,80°C,37°C,
ScrFI,100,100,100,100,65°C,37°C,"2, a"
SexAI,100,75,50,100,65°C,37°C,"3, b, d"
SfaNI,<10,75,100,25,65°C,37°C,"3, b"
SfcI,75,50,25,100,65°C,37°C,3
SfiI,25,100,50,100,No,50°C,
SfoI,50,100,100,100,No,37°C,
SgrAI,100,100,10,100,65°C,37°C,1
SmaI,<10,<10,<10,100,65°C,37°C,b
SmlI,25,75,25,100,No,55°C,b
SnaBI,50*,50,10,100,80°C,37°C,1
SpeI,25,50,10,100,80°C,37°C,
SphI,100,100,50,100+,65°C,37°C,2
SphI,50,25,10,100,65°C,37°C,
SrfI,10,50,0,100,65°C,37°C,
SspI,25,100,<10,100,65°C,37°C,
StuI,50,100,50,100,No,37°C,
StyD4I,10,100,100,100,65°C,37°C,
StyI,25,100,25,100,65°C,37°C,
SwaI,10,10,100,10,65°C,25°C,"b, d"
TaqI,50,100,50,100,No,65°C,
TfiI,50,100,100,100,No,65°C,
TseI,75,100,100,100,No,65°C,3
Tsp45I,100,50,<10,100,No,65°C,
TspMI,50*,75*,50*,100,No,75°C,d
TspRI,25,50,25,100,No,65°C,
Tth111I,25,100,25,100,No,65°C,b
WarmStart® Nt.BstNBI,0,10,100,25,80°C,55°C,
XbaI,<10,100,75,100,65°C,37°C,
XcmI,10,100,25,100*,65°C,37°C,2
XhoI,75,100,100,100,65°C,37°C,b
XmaI,25,50,<10,100,65°C,37°C,3
XmnI,50,75,<10,100,65°C,37°C,b
ZraI,100,25,10,100,80°C,37°C,