re1,re2,orthogonality
EcoRI,EcoRI,0
EcoRI,BauI,1
EcoRI,TaiI,4
EcoRI,AatII,4
EcoRI,HindIII,1
EcoRI,SacI,4
EcoRI,PvuI,4
EcoRI,BstKTI,4
EcoRI,RgaI,4
EcoRI,PacI,4
EcoRI,PciI,1
EcoRI,NcoI,1
EcoRI,BspHI,1
EcoRI,NlaIII,4
EcoRI,SphI,4
EcoRI,BseYI,1
EcoRI,GsaI,4
EcoRI,AgeI,1
EcoRI,XmaI,1
EcoRI,MreI,1
EcoRI,KroI,1
EcoRI,BspEI,1
EcoRI,FseI,4
EcoRI,AclI,4
EcoRI,HpySE526I,4
EcoRI,BspDI,4
EcoRI,AciI,4
EcoRI,HpaII,4
EcoRI,Hin6I,4
EcoRI,NarI,4
EcoRI,TaqI,4
EcoRI,BstBI,4
EcoRI,HhaI,4
EcoRI,MluI,1
EcoRI,MauBI,1
EcoRI,BssHII,1
EcoRI,AscI,1
EcoRI,SpeI,1
EcoRI,AvrII,1
EcoRI,NheI,1
EcoRI,XbaI,1
EcoRI,BspOI,4
EcoRI,BglII,1
EcoRI,BamHI,1
EcoRI,BclI,1
EcoRI,SacII,4
EcoRI,SspDI,1
EcoRI,BseX3I,1
EcoRI,NotI,1
EcoRI,PspOMI,1
EcoRI,ApaI,4
EcoRI,BsiWI,1
EcoRI,Asp718I,1
EcoRI,BsrGI,1
EcoRI,KpnI,4
EcoRI,PshBI,4
EcoRI,NdeI,4
EcoRI,BfaI,4
EcoRI,Csp6I,4
EcoRI,MseI,4
EcoRI,BbvCI,4
EcoRI,AbsI,1
EcoRI,SgrDI,1
EcoRI,XhoI,1
EcoRI,SalI,1
EcoRI,ApaLI,1
EcoRI,EcoT22I,4
EcoRI,SdaI,4
EcoRI,PstI,4
EcoRI,AflII,1
BauI,EcoRI,1
BauI,BauI,0
BauI,TaiI,4
BauI,AatII,4
BauI,HindIII,1
BauI,SacI,4
BauI,PvuI,4
BauI,BstKTI,4
BauI,RgaI,4
BauI,PacI,4
BauI,PciI,1
BauI,NcoI,1
BauI,BspHI,1
BauI,NlaIII,4
BauI,SphI,4
BauI,BseYI,3
BauI,GsaI,4
BauI,AgeI,1
BauI,XmaI,1
BauI,MreI,1
BauI,KroI,1
BauI,BspEI,1
BauI,FseI,4
BauI,AclI,4
BauI,HpySE526I,4
BauI,BspDI,4
BauI,AciI,4
BauI,HpaII,4
BauI,Hin6I,4
BauI,NarI,4
BauI,TaqI,4
BauI,BstBI,4
BauI,HhaI,4
BauI,MluI,1
BauI,MauBI,1
BauI,BssHII,1
BauI,AscI,1
BauI,SpeI,1
BauI,AvrII,1
BauI,NheI,1
BauI,XbaI,1
BauI,BspOI,4
BauI,BglII,1
BauI,BamHI,1
BauI,BclI,1
BauI,SacII,4
BauI,SspDI,1
BauI,BseX3I,1
BauI,NotI,1
BauI,PspOMI,1
BauI,ApaI,4
BauI,BsiWI,1
BauI,Asp718I,1
BauI,BsrGI,1
BauI,KpnI,4
BauI,PshBI,4
BauI,NdeI,4
BauI,BfaI,4
BauI,Csp6I,4
BauI,MseI,4
BauI,BbvCI,4
BauI,AbsI,1
BauI,SgrDI,1
BauI,XhoI,1
BauI,SalI,1
BauI,ApaLI,1
BauI,EcoT22I,4
BauI,SdaI,4
BauI,PstI,4
BauI,AflII,1
TaiI,EcoRI,4
TaiI,BauI,4
TaiI,TaiI,0
TaiI,AatII,0
TaiI,HindIII,4
TaiI,SacI,1
TaiI,PvuI,4
TaiI,BstKTI,4
TaiI,RgaI,4
TaiI,PacI,4
TaiI,PciI,4
TaiI,NcoI,4
TaiI,BspHI,4
TaiI,NlaIII,1
TaiI,SphI,1
TaiI,BseYI,4
TaiI,GsaI,1
TaiI,AgeI,4
TaiI,XmaI,4
TaiI,MreI,4
TaiI,KroI,4
TaiI,BspEI,4
TaiI,FseI,1
TaiI,AclI,4
TaiI,HpySE526I,4
TaiI,BspDI,4
TaiI,AciI,4
TaiI,HpaII,4
TaiI,Hin6I,4
TaiI,NarI,4
TaiI,TaqI,4
TaiI,BstBI,4
TaiI,HhaI,4
TaiI,MluI,4
TaiI,MauBI,4
TaiI,BssHII,4
TaiI,AscI,4
TaiI,SpeI,4
TaiI,AvrII,4
TaiI,NheI,4
TaiI,XbaI,4
TaiI,BspOI,1
TaiI,BglII,4
TaiI,BamHI,4
TaiI,BclI,4
TaiI,SacII,4
TaiI,SspDI,4
TaiI,BseX3I,4
TaiI,NotI,4
TaiI,PspOMI,4
TaiI,ApaI,1
TaiI,BsiWI,4
TaiI,Asp718I,4
TaiI,BsrGI,4
TaiI,KpnI,1
TaiI,PshBI,4
TaiI,NdeI,4
TaiI,BfaI,4
TaiI,Csp6I,4
TaiI,MseI,4
TaiI,BbvCI,4
TaiI,AbsI,4
TaiI,SgrDI,4
TaiI,XhoI,4
TaiI,SalI,4
TaiI,ApaLI,4
TaiI,EcoT22I,1
TaiI,SdaI,1
TaiI,PstI,1
TaiI,AflII,4
AatII,EcoRI,4
AatII,BauI,4
AatII,TaiI,0
AatII,AatII,0
AatII,HindIII,4
AatII,SacI,1
AatII,PvuI,4
AatII,BstKTI,4
AatII,RgaI,4
AatII,PacI,4
AatII,PciI,4
AatII,NcoI,4
AatII,BspHI,4
AatII,NlaIII,1
AatII,SphI,1
AatII,BseYI,4
AatII,GsaI,1
AatII,AgeI,4
AatII,XmaI,4
AatII,MreI,4
AatII,KroI,4
AatII,BspEI,4
AatII,FseI,1
AatII,AclI,4
AatII,HpySE526I,4
AatII,BspDI,4
AatII,AciI,4
AatII,HpaII,4
AatII,Hin6I,4
AatII,NarI,4
AatII,TaqI,4
AatII,BstBI,4
AatII,HhaI,4
AatII,MluI,4
AatII,MauBI,4
AatII,BssHII,4
AatII,AscI,4
AatII,SpeI,4
AatII,AvrII,4
AatII,NheI,4
AatII,XbaI,4
AatII,BspOI,1
AatII,BglII,4
AatII,BamHI,4
AatII,BclI,4
AatII,SacII,4
AatII,SspDI,4
AatII,BseX3I,4
AatII,NotI,4
AatII,PspOMI,4
AatII,ApaI,1
AatII,BsiWI,4
AatII,Asp718I,4
AatII,BsrGI,4
AatII,KpnI,1
AatII,PshBI,4
AatII,NdeI,4
AatII,BfaI,4
AatII,Csp6I,4
AatII,MseI,4
AatII,BbvCI,4
AatII,AbsI,4
AatII,SgrDI,4
AatII,XhoI,4
AatII,SalI,4
AatII,ApaLI,4
AatII,EcoT22I,1
AatII,SdaI,1
AatII,PstI,1
AatII,AflII,4
HindIII,EcoRI,1
HindIII,BauI,1
HindIII,TaiI,4
HindIII,AatII,4
HindIII,HindIII,0
HindIII,SacI,4
HindIII,PvuI,4
HindIII,BstKTI,4
HindIII,RgaI,4
HindIII,PacI,4
HindIII,PciI,1
HindIII,NcoI,1
HindIII,BspHI,1
HindIII,NlaIII,4
HindIII,SphI,4
HindIII,BseYI,1
HindIII,GsaI,4
HindIII,AgeI,1
HindIII,XmaI,1
HindIII,MreI,1
HindIII,KroI,1
HindIII,BspEI,1
HindIII,FseI,4
HindIII,AclI,4
HindIII,HpySE526I,4
HindIII,BspDI,4
HindIII,AciI,4
HindIII,HpaII,4
HindIII,Hin6I,4
HindIII,NarI,4
HindIII,TaqI,4
HindIII,BstBI,4
HindIII,HhaI,4
HindIII,MluI,1
HindIII,MauBI,1
HindIII,BssHII,1
HindIII,AscI,1
HindIII,SpeI,1
HindIII,AvrII,1
HindIII,NheI,1
HindIII,XbaI,1
HindIII,BspOI,4
HindIII,BglII,1
HindIII,BamHI,1
HindIII,BclI,1
HindIII,SacII,4
HindIII,SspDI,1
HindIII,BseX3I,1
HindIII,NotI,1
HindIII,PspOMI,1
HindIII,ApaI,4
HindIII,BsiWI,1
HindIII,Asp718I,1
HindIII,BsrGI,1
HindIII,KpnI,4
HindIII,PshBI,4
HindIII,NdeI,4
HindIII,BfaI,4
HindIII,Csp6I,4
HindIII,MseI,4
HindIII,BbvCI,4
HindIII,AbsI,1
HindIII,SgrDI,1
HindIII,XhoI,1
HindIII,SalI,1
HindIII,ApaLI,1
HindIII,EcoT22I,4
HindIII,SdaI,4
HindIII,PstI,4
HindIII,AflII,1
SacI,EcoRI,4
SacI,BauI,4
SacI,TaiI,1
SacI,AatII,1
SacI,HindIII,4
SacI,SacI,0
SacI,PvuI,4
SacI,BstKTI,4
SacI,RgaI,4
SacI,PacI,4
SacI,PciI,4
SacI,NcoI,4
SacI,BspHI,4
SacI,NlaIII,1
SacI,SphI,1
SacI,BseYI,4
SacI,GsaI,1
SacI,AgeI,4
SacI,XmaI,4
SacI,MreI,4
SacI,KroI,4
SacI,BspEI,4
SacI,FseI,1
SacI,AclI,4
SacI,HpySE526I,4
SacI,BspDI,4
SacI,AciI,4
SacI,HpaII,4
SacI,Hin6I,4
SacI,NarI,4
SacI,TaqI,4
SacI,BstBI,4
SacI,HhaI,4
SacI,MluI,4
SacI,MauBI,4
SacI,BssHII,4
SacI,AscI,4
SacI,SpeI,4
SacI,AvrII,4
SacI,NheI,4
SacI,XbaI,4
SacI,BspOI,1
SacI,BglII,4
SacI,BamHI,4
SacI,BclI,4
SacI,SacII,4
SacI,SspDI,4
SacI,BseX3I,4
SacI,NotI,4
SacI,PspOMI,4
SacI,ApaI,1
SacI,BsiWI,4
SacI,Asp718I,4
SacI,BsrGI,4
SacI,KpnI,1
SacI,PshBI,4
SacI,NdeI,4
SacI,BfaI,4
SacI,Csp6I,4
SacI,MseI,4
SacI,BbvCI,4
SacI,AbsI,4
SacI,SgrDI,4
SacI,XhoI,4
SacI,SalI,4
SacI,ApaLI,4
SacI,EcoT22I,1
SacI,SdaI,1
SacI,PstI,1
SacI,AflII,4
PvuI,EcoRI,4
PvuI,BauI,4
PvuI,TaiI,4
PvuI,AatII,4
PvuI,HindIII,4
PvuI,SacI,4
PvuI,PvuI,0
PvuI,BstKTI,0
PvuI,RgaI,0
PvuI,PacI,0
PvuI,PciI,4
PvuI,NcoI,4
PvuI,BspHI,4
PvuI,NlaIII,4
PvuI,SphI,4
PvuI,BseYI,4
PvuI,GsaI,4
PvuI,AgeI,4
PvuI,XmaI,4
PvuI,MreI,4
PvuI,KroI,4
PvuI,BspEI,4
PvuI,FseI,4
PvuI,AclI,4
PvuI,HpySE526I,4
PvuI,BspDI,4
PvuI,AciI,4
PvuI,HpaII,4
PvuI,Hin6I,4
PvuI,NarI,4
PvuI,TaqI,4
PvuI,BstBI,4
PvuI,HhaI,1
PvuI,MluI,4
PvuI,MauBI,4
PvuI,BssHII,4
PvuI,AscI,4
PvuI,SpeI,4
PvuI,AvrII,4
PvuI,NheI,4
PvuI,XbaI,4
PvuI,BspOI,4
PvuI,BglII,4
PvuI,BamHI,4
PvuI,BclI,4
PvuI,SacII,1
PvuI,SspDI,4
PvuI,BseX3I,4
PvuI,NotI,4
PvuI,PspOMI,4
PvuI,ApaI,4
PvuI,BsiWI,4
PvuI,Asp718I,4
PvuI,BsrGI,4
PvuI,KpnI,4
PvuI,PshBI,4
PvuI,NdeI,4
PvuI,BfaI,4
PvuI,Csp6I,4
PvuI,MseI,4
PvuI,BbvCI,4
PvuI,AbsI,4
PvuI,SgrDI,4
PvuI,XhoI,4
PvuI,SalI,4
PvuI,ApaLI,4
PvuI,EcoT22I,4
PvuI,SdaI,4
PvuI,PstI,4
PvuI,AflII,4
BstKTI,EcoRI,4
BstKTI,BauI,4
BstKTI,TaiI,4
BstKTI,AatII,4
BstKTI,HindIII,4
BstKTI,SacI,4
BstKTI,PvuI,0
BstKTI,BstKTI,0
BstKTI,RgaI,0
BstKTI,PacI,0
BstKTI,PciI,4
BstKTI,NcoI,4
BstKTI,BspHI,4
BstKTI,NlaIII,4
BstKTI,SphI,4
BstKTI,BseYI,4
BstKTI,GsaI,4
BstKTI,AgeI,4
BstKTI,XmaI,4
BstKTI,MreI,4
BstKTI,KroI,4
BstKTI,BspEI,4
BstKTI,FseI,4
BstKTI,AclI,4
BstKTI,HpySE526I,4
BstKTI,BspDI,4
BstKTI,AciI,4
BstKTI,HpaII,4
BstKTI,Hin6I,4
BstKTI,NarI,4
BstKTI,TaqI,4
BstKTI,BstBI,4
BstKTI,HhaI,1
BstKTI,MluI,4
BstKTI,MauBI,4
BstKTI,BssHII,4
BstKTI,AscI,4
BstKTI,SpeI,4
BstKTI,AvrII,4
BstKTI,NheI,4
BstKTI,XbaI,4
BstKTI,BspOI,4
BstKTI,BglII,4
BstKTI,BamHI,4
BstKTI,BclI,4
BstKTI,SacII,1
BstKTI,SspDI,4
BstKTI,BseX3I,4
BstKTI,NotI,4
BstKTI,PspOMI,4
BstKTI,ApaI,4
BstKTI,BsiWI,4
BstKTI,Asp718I,4
BstKTI,BsrGI,4
BstKTI,KpnI,4
BstKTI,PshBI,4
BstKTI,NdeI,4
BstKTI,BfaI,4
BstKTI,Csp6I,4
BstKTI,MseI,4
BstKTI,BbvCI,4
BstKTI,AbsI,4
BstKTI,SgrDI,4
BstKTI,XhoI,4
BstKTI,SalI,4
BstKTI,ApaLI,4
BstKTI,EcoT22I,4
BstKTI,SdaI,4
BstKTI,PstI,4
BstKTI,AflII,4
RgaI,EcoRI,4
RgaI,BauI,4
RgaI,TaiI,4
RgaI,AatII,4
RgaI,HindIII,4
RgaI,SacI,4
RgaI,PvuI,0
RgaI,BstKTI,0
RgaI,RgaI,0
RgaI,PacI,0
RgaI,PciI,4
RgaI,NcoI,4
RgaI,BspHI,4
RgaI,NlaIII,4
RgaI,SphI,4
RgaI,BseYI,4
RgaI,GsaI,4
RgaI,AgeI,4
RgaI,XmaI,4
RgaI,MreI,4
RgaI,KroI,4
RgaI,BspEI,4
RgaI,FseI,4
RgaI,AclI,4
RgaI,HpySE526I,4
RgaI,BspDI,4
RgaI,AciI,4
RgaI,HpaII,4
RgaI,Hin6I,4
RgaI,NarI,4
RgaI,TaqI,4
RgaI,BstBI,4
RgaI,HhaI,1
RgaI,MluI,4
RgaI,MauBI,4
RgaI,BssHII,4
RgaI,AscI,4
RgaI,SpeI,4
RgaI,AvrII,4
RgaI,NheI,4
RgaI,XbaI,4
RgaI,BspOI,4
RgaI,BglII,4
RgaI,BamHI,4
RgaI,BclI,4
RgaI,SacII,1
RgaI,SspDI,4
RgaI,BseX3I,4
RgaI,NotI,4
RgaI,PspOMI,4
RgaI,ApaI,4
RgaI,BsiWI,4
RgaI,Asp718I,4
RgaI,BsrGI,4
RgaI,KpnI,4
RgaI,PshBI,4
RgaI,NdeI,4
RgaI,BfaI,4
RgaI,Csp6I,4
RgaI,MseI,4
RgaI,BbvCI,4
RgaI,AbsI,4
RgaI,SgrDI,4
RgaI,XhoI,4
RgaI,SalI,4
RgaI,ApaLI,4
RgaI,EcoT22I,4
RgaI,SdaI,4
RgaI,PstI,4
RgaI,AflII,4
PacI,EcoRI,4
PacI,BauI,4
PacI,TaiI,4
PacI,AatII,4
PacI,HindIII,4
PacI,SacI,4
PacI,PvuI,0
PacI,BstKTI,0
PacI,RgaI,0
PacI,PacI,0
PacI,PciI,4
PacI,NcoI,4
PacI,BspHI,4
PacI,NlaIII,4
PacI,SphI,4
PacI,BseYI,4
PacI,GsaI,4
PacI,AgeI,4
PacI,XmaI,4
PacI,MreI,4
PacI,KroI,4
PacI,BspEI,4
PacI,FseI,4
PacI,AclI,4
PacI,HpySE526I,4
PacI,BspDI,4
PacI,AciI,4
PacI,HpaII,4
PacI,Hin6I,4
PacI,NarI,4
PacI,TaqI,4
PacI,BstBI,4
PacI,HhaI,1
PacI,MluI,4
PacI,MauBI,4
PacI,BssHII,4
PacI,AscI,4
PacI,SpeI,4
PacI,AvrII,4
PacI,NheI,4
PacI,XbaI,4
PacI,BspOI,4
PacI,BglII,4
PacI,BamHI,4
PacI,BclI,4
PacI,SacII,1
PacI,SspDI,4
PacI,BseX3I,4
PacI,NotI,4
PacI,PspOMI,4
PacI,ApaI,4
PacI,BsiWI,4
PacI,Asp718I,4
PacI,BsrGI,4
PacI,KpnI,4
PacI,PshBI,4
PacI,NdeI,4
PacI,BfaI,4
PacI,Csp6I,4
PacI,MseI,4
PacI,BbvCI,4
PacI,AbsI,4
PacI,SgrDI,4
PacI,XhoI,4
PacI,SalI,4
PacI,ApaLI,4
PacI,EcoT22I,4
PacI,SdaI,4
PacI,PstI,4
PacI,AflII,4
PciI,EcoRI,1
PciI,BauI,1
PciI,TaiI,4
PciI,AatII,4
PciI,HindIII,1
PciI,SacI,4
PciI,PvuI,4
PciI,BstKTI,4
PciI,RgaI,4
PciI,PacI,4
PciI,PciI,0
PciI,NcoI,0
PciI,BspHI,0
PciI,NlaIII,4
PciI,SphI,4
PciI,BseYI,1
PciI,GsaI,4
PciI,AgeI,1
PciI,XmaI,1
PciI,MreI,1
PciI,KroI,1
PciI,BspEI,1
PciI,FseI,4
PciI,AclI,4
PciI,HpySE526I,4
PciI,BspDI,4
PciI,AciI,4
PciI,HpaII,4
PciI,Hin6I,4
PciI,NarI,4
PciI,TaqI,4
PciI,BstBI,4
PciI,HhaI,4
PciI,MluI,1
PciI,MauBI,1
PciI,BssHII,1
PciI,AscI,1
PciI,SpeI,1
PciI,AvrII,1
PciI,NheI,1
PciI,XbaI,1
PciI,BspOI,4
PciI,BglII,1
PciI,BamHI,1
PciI,BclI,1
PciI,SacII,4
PciI,SspDI,1
PciI,BseX3I,1
PciI,NotI,1
PciI,PspOMI,1
PciI,ApaI,4
PciI,BsiWI,1
PciI,Asp718I,1
PciI,BsrGI,1
PciI,KpnI,4
PciI,PshBI,4
PciI,NdeI,4
PciI,BfaI,4
PciI,Csp6I,4
PciI,MseI,4
PciI,BbvCI,4
PciI,AbsI,1
PciI,SgrDI,1
PciI,XhoI,1
PciI,SalI,1
PciI,ApaLI,1
PciI,EcoT22I,4
PciI,SdaI,4
PciI,PstI,4
PciI,AflII,1
NcoI,EcoRI,1
NcoI,BauI,1
NcoI,TaiI,4
NcoI,AatII,4
NcoI,HindIII,1
NcoI,SacI,4
NcoI,PvuI,4
NcoI,BstKTI,4
NcoI,RgaI,4
NcoI,PacI,4
NcoI,PciI,0
NcoI,NcoI,0
NcoI,BspHI,0
NcoI,NlaIII,4
NcoI,SphI,4
NcoI,BseYI,1
NcoI,GsaI,4
NcoI,AgeI,1
NcoI,XmaI,1
NcoI,MreI,1
NcoI,KroI,1
NcoI,BspEI,1
NcoI,FseI,4
NcoI,AclI,4
NcoI,HpySE526I,4
NcoI,BspDI,4
NcoI,AciI,4
NcoI,HpaII,4
NcoI,Hin6I,4
NcoI,NarI,4
NcoI,TaqI,4
NcoI,BstBI,4
NcoI,HhaI,4
NcoI,MluI,1
NcoI,MauBI,1
NcoI,BssHII,1
NcoI,AscI,1
NcoI,SpeI,1
NcoI,AvrII,1
NcoI,NheI,1
NcoI,XbaI,1
NcoI,BspOI,4
NcoI,BglII,1
NcoI,BamHI,1
NcoI,BclI,1
NcoI,SacII,4
NcoI,SspDI,1
NcoI,BseX3I,1
NcoI,NotI,1
NcoI,PspOMI,1
NcoI,ApaI,4
NcoI,BsiWI,1
NcoI,Asp718I,1
NcoI,BsrGI,1
NcoI,KpnI,4
NcoI,PshBI,4
NcoI,NdeI,4
NcoI,BfaI,4
NcoI,Csp6I,4
NcoI,MseI,4
NcoI,BbvCI,4
NcoI,AbsI,1
NcoI,SgrDI,1
NcoI,XhoI,1
NcoI,SalI,1
NcoI,ApaLI,1
NcoI,EcoT22I,4
NcoI,SdaI,4
NcoI,PstI,4
NcoI,AflII,1
BspHI,EcoRI,1
BspHI,BauI,1
BspHI,TaiI,4
BspHI,AatII,4
BspHI,HindIII,1
BspHI,SacI,4
BspHI,PvuI,4
BspHI,BstKTI,4
BspHI,RgaI,4
BspHI,PacI,4
BspHI,PciI,0
BspHI,NcoI,0
BspHI,BspHI,0
BspHI,NlaIII,4
BspHI,SphI,4
BspHI,BseYI,1
BspHI,GsaI,4
BspHI,AgeI,1
BspHI,XmaI,1
BspHI,MreI,1
BspHI,KroI,1
BspHI,BspEI,1
BspHI,FseI,4
BspHI,AclI,4
BspHI,HpySE526I,4
BspHI,BspDI,4
BspHI,AciI,4
BspHI,HpaII,4
BspHI,Hin6I,4
BspHI,NarI,4
BspHI,TaqI,4
BspHI,BstBI,4
BspHI,HhaI,4
BspHI,MluI,1
BspHI,MauBI,1
BspHI,BssHII,1
BspHI,AscI,1
BspHI,SpeI,1
BspHI,AvrII,1
BspHI,NheI,1
BspHI,XbaI,1
BspHI,BspOI,4
BspHI,BglII,1
BspHI,BamHI,1
BspHI,BclI,1
BspHI,SacII,4
BspHI,SspDI,1
BspHI,BseX3I,1
BspHI,NotI,1
BspHI,PspOMI,1
BspHI,ApaI,4
BspHI,BsiWI,1
BspHI,Asp718I,1
BspHI,BsrGI,1
BspHI,KpnI,4
BspHI,PshBI,4
BspHI,NdeI,4
BspHI,BfaI,4
BspHI,Csp6I,4
BspHI,MseI,4
BspHI,BbvCI,4
BspHI,AbsI,1
BspHI,SgrDI,1
BspHI,XhoI,1
BspHI,SalI,1
BspHI,ApaLI,1
BspHI,EcoT22I,4
BspHI,SdaI,4
BspHI,PstI,4
BspHI,AflII,1
NlaIII,EcoRI,4
NlaIII,BauI,4
NlaIII,TaiI,1
NlaIII,AatII,1
NlaIII,HindIII,4
NlaIII,SacI,1
NlaIII,PvuI,4
NlaIII,BstKTI,4
NlaIII,RgaI,4
NlaIII,PacI,4
NlaIII,PciI,4
NlaIII,NcoI,4
NlaIII,BspHI,4
NlaIII,NlaIII,0
NlaIII,SphI,0
NlaIII,BseYI,4
NlaIII,GsaI,1
NlaIII,AgeI,4
NlaIII,XmaI,4
NlaIII,MreI,4
NlaIII,KroI,4
NlaIII,BspEI,4
NlaIII,FseI,1
NlaIII,AclI,4
NlaIII,HpySE526I,4
NlaIII,BspDI,4
NlaIII,AciI,4
NlaIII,HpaII,4
NlaIII,Hin6I,4
NlaIII,NarI,4
NlaIII,TaqI,4
NlaIII,BstBI,4
NlaIII,HhaI,4
NlaIII,MluI,4
NlaIII,MauBI,4
NlaIII,BssHII,4
NlaIII,AscI,4
NlaIII,SpeI,4
NlaIII,AvrII,4
NlaIII,NheI,4
NlaIII,XbaI,4
NlaIII,BspOI,1
NlaIII,BglII,4
NlaIII,BamHI,4
NlaIII,BclI,4
NlaIII,SacII,4
NlaIII,SspDI,4
NlaIII,BseX3I,4
NlaIII,NotI,4
NlaIII,PspOMI,4
NlaIII,ApaI,1
NlaIII,BsiWI,4
NlaIII,Asp718I,4
NlaIII,BsrGI,4
NlaIII,KpnI,1
NlaIII,PshBI,4
NlaIII,NdeI,4
NlaIII,BfaI,4
NlaIII,Csp6I,4
NlaIII,MseI,4
NlaIII,BbvCI,4
NlaIII,AbsI,4
NlaIII,SgrDI,4
NlaIII,XhoI,4
NlaIII,SalI,4
NlaIII,ApaLI,4
NlaIII,EcoT22I,1
NlaIII,SdaI,1
NlaIII,PstI,1
NlaIII,AflII,4
SphI,EcoRI,4
SphI,BauI,4
SphI,TaiI,1
SphI,AatII,1
SphI,HindIII,4
SphI,SacI,1
SphI,PvuI,4
SphI,BstKTI,4
SphI,RgaI,4
SphI,PacI,4
SphI,PciI,4
SphI,NcoI,4
SphI,BspHI,4
SphI,NlaIII,0
SphI,SphI,0
SphI,BseYI,4
SphI,GsaI,1
SphI,AgeI,4
SphI,XmaI,4
SphI,MreI,4
SphI,KroI,4
SphI,BspEI,4
SphI,FseI,1
SphI,AclI,4
SphI,HpySE526I,4
SphI,BspDI,4
SphI,AciI,4
SphI,HpaII,4
SphI,Hin6I,4
SphI,NarI,4
SphI,TaqI,4
SphI,BstBI,4
SphI,HhaI,4
SphI,MluI,4
SphI,MauBI,4
SphI,BssHII,4
SphI,AscI,4
SphI,SpeI,4
SphI,AvrII,4
SphI,NheI,4
SphI,XbaI,4
SphI,BspOI,1
SphI,BglII,4
SphI,BamHI,4
SphI,BclI,4
SphI,SacII,4
SphI,SspDI,4
SphI,BseX3I,4
SphI,NotI,4
SphI,PspOMI,4
SphI,ApaI,1
SphI,BsiWI,4
SphI,Asp718I,4
SphI,BsrGI,4
SphI,KpnI,1
SphI,PshBI,4
SphI,NdeI,4
SphI,BfaI,4
SphI,Csp6I,4
SphI,MseI,4
SphI,BbvCI,4
SphI,AbsI,4
SphI,SgrDI,4
SphI,XhoI,4
SphI,SalI,4
SphI,ApaLI,4
SphI,EcoT22I,1
SphI,SdaI,1
SphI,PstI,1
SphI,AflII,4
BseYI,EcoRI,1
BseYI,BauI,3
BseYI,TaiI,4
BseYI,AatII,4
BseYI,HindIII,1
BseYI,SacI,4
BseYI,PvuI,4
BseYI,BstKTI,4
BseYI,RgaI,4
BseYI,PacI,4
BseYI,PciI,1
BseYI,NcoI,1
BseYI,BspHI,1
BseYI,NlaIII,4
BseYI,SphI,4
BseYI,BseYI,0
BseYI,GsaI,4
BseYI,AgeI,1
BseYI,XmaI,1
BseYI,MreI,1
BseYI,KroI,1
BseYI,BspEI,1
BseYI,FseI,4
BseYI,AclI,4
BseYI,HpySE526I,4
BseYI,BspDI,4
BseYI,AciI,4
BseYI,HpaII,4
BseYI,Hin6I,4
BseYI,NarI,4
BseYI,TaqI,4
BseYI,BstBI,4
BseYI,HhaI,4
BseYI,MluI,1
BseYI,MauBI,1
BseYI,BssHII,1
BseYI,AscI,1
BseYI,SpeI,1
BseYI,AvrII,1
BseYI,NheI,1
BseYI,XbaI,1
BseYI,BspOI,4
BseYI,BglII,1
BseYI,BamHI,1
BseYI,BclI,1
BseYI,SacII,4
BseYI,SspDI,1
BseYI,BseX3I,1
BseYI,NotI,1
BseYI,PspOMI,1
BseYI,ApaI,4
BseYI,BsiWI,1
BseYI,Asp718I,1
BseYI,BsrGI,1
BseYI,KpnI,4
BseYI,PshBI,4
BseYI,NdeI,4
BseYI,BfaI,4
BseYI,Csp6I,4
BseYI,MseI,4
BseYI,BbvCI,4
BseYI,AbsI,1
BseYI,SgrDI,1
BseYI,XhoI,1
BseYI,SalI,1
BseYI,ApaLI,1
BseYI,EcoT22I,4
BseYI,SdaI,4
BseYI,PstI,4
BseYI,AflII,1
GsaI,EcoRI,4
GsaI,BauI,4
GsaI,TaiI,1
GsaI,AatII,1
GsaI,HindIII,4
GsaI,SacI,1
GsaI,PvuI,4
GsaI,BstKTI,4
GsaI,RgaI,4
GsaI,PacI,4
GsaI,PciI,4
GsaI,NcoI,4
GsaI,BspHI,4
GsaI,NlaIII,1
GsaI,SphI,1
GsaI,BseYI,4
GsaI,GsaI,0
GsaI,AgeI,4
GsaI,XmaI,4
GsaI,MreI,4
GsaI,KroI,4
GsaI,BspEI,4
GsaI,FseI,1
GsaI,AclI,4
GsaI,HpySE526I,4
GsaI,BspDI,4
GsaI,AciI,4
GsaI,HpaII,4
GsaI,Hin6I,4
GsaI,NarI,4
GsaI,TaqI,4
GsaI,BstBI,4
GsaI,HhaI,4
GsaI,MluI,4
GsaI,MauBI,4
GsaI,BssHII,4
GsaI,AscI,4
GsaI,SpeI,4
GsaI,AvrII,4
GsaI,NheI,4
GsaI,XbaI,4
GsaI,BspOI,1
GsaI,BglII,4
GsaI,BamHI,4
GsaI,BclI,4
GsaI,SacII,4
GsaI,SspDI,4
GsaI,BseX3I,4
GsaI,NotI,4
GsaI,PspOMI,4
GsaI,ApaI,1
GsaI,BsiWI,4
GsaI,Asp718I,4
GsaI,BsrGI,4
GsaI,KpnI,1
GsaI,PshBI,4
GsaI,NdeI,4
GsaI,BfaI,4
GsaI,Csp6I,4
GsaI,MseI,4
GsaI,BbvCI,4
GsaI,AbsI,4
GsaI,SgrDI,4
GsaI,XhoI,4
GsaI,SalI,4
GsaI,ApaLI,4
GsaI,EcoT22I,1
GsaI,SdaI,1
GsaI,PstI,1
GsaI,AflII,4
AgeI,EcoRI,1
AgeI,BauI,1
AgeI,TaiI,4
AgeI,AatII,4
AgeI,HindIII,1
AgeI,SacI,4
AgeI,PvuI,4
AgeI,BstKTI,4
AgeI,RgaI,4
AgeI,PacI,4
AgeI,PciI,1
AgeI,NcoI,1
AgeI,BspHI,1
AgeI,NlaIII,4
AgeI,SphI,4
AgeI,BseYI,1
AgeI,GsaI,4
AgeI,AgeI,0
AgeI,XmaI,0
AgeI,MreI,0
AgeI,KroI,0
AgeI,BspEI,0
AgeI,FseI,4
AgeI,AclI,4
AgeI,HpySE526I,4
AgeI,BspDI,4
AgeI,AciI,4
AgeI,HpaII,4
AgeI,Hin6I,4
AgeI,NarI,4
AgeI,TaqI,4
AgeI,BstBI,4
AgeI,HhaI,4
AgeI,MluI,1
AgeI,MauBI,1
AgeI,BssHII,1
AgeI,AscI,1
AgeI,SpeI,1
AgeI,AvrII,1
AgeI,NheI,1
AgeI,XbaI,1
AgeI,BspOI,4
AgeI,BglII,1
AgeI,BamHI,1
AgeI,BclI,1
AgeI,SacII,4
AgeI,SspDI,1
AgeI,BseX3I,1
AgeI,NotI,1
AgeI,PspOMI,1
AgeI,ApaI,4
AgeI,BsiWI,1
AgeI,Asp718I,1
AgeI,BsrGI,1
AgeI,KpnI,4
AgeI,PshBI,4
AgeI,NdeI,4
AgeI,BfaI,4
AgeI,Csp6I,4
AgeI,MseI,4
AgeI,BbvCI,4
AgeI,AbsI,1
AgeI,SgrDI,1
AgeI,XhoI,1
AgeI,SalI,1
AgeI,ApaLI,1
AgeI,EcoT22I,4
AgeI,SdaI,4
AgeI,PstI,4
AgeI,AflII,1
XmaI,EcoRI,1
XmaI,BauI,1
XmaI,TaiI,4
XmaI,AatII,4
XmaI,HindIII,1
XmaI,SacI,4
XmaI,PvuI,4
XmaI,BstKTI,4
XmaI,RgaI,4
XmaI,PacI,4
XmaI,PciI,1
XmaI,NcoI,1
XmaI,BspHI,1
XmaI,NlaIII,4
XmaI,SphI,4
XmaI,BseYI,1
XmaI,GsaI,4
XmaI,AgeI,0
XmaI,XmaI,0
XmaI,MreI,0
XmaI,KroI,0
XmaI,BspEI,0
XmaI,FseI,4
XmaI,AclI,4
XmaI,HpySE526I,4
XmaI,BspDI,4
XmaI,AciI,4
XmaI,HpaII,4
XmaI,Hin6I,4
XmaI,NarI,4
XmaI,TaqI,4
XmaI,BstBI,4
XmaI,HhaI,4
XmaI,MluI,1
XmaI,MauBI,1
XmaI,BssHII,1
XmaI,AscI,1
XmaI,SpeI,1
XmaI,AvrII,1
XmaI,NheI,1
XmaI,XbaI,1
XmaI,BspOI,4
XmaI,BglII,1
XmaI,BamHI,1
XmaI,BclI,1
XmaI,SacII,4
XmaI,SspDI,1
XmaI,BseX3I,1
XmaI,NotI,1
XmaI,PspOMI,1
XmaI,ApaI,4
XmaI,BsiWI,1
XmaI,Asp718I,1
XmaI,BsrGI,1
XmaI,KpnI,4
XmaI,PshBI,4
XmaI,NdeI,4
XmaI,BfaI,4
XmaI,Csp6I,4
XmaI,MseI,4
XmaI,BbvCI,4
XmaI,AbsI,1
XmaI,SgrDI,1
XmaI,XhoI,1
XmaI,SalI,1
XmaI,ApaLI,1
XmaI,EcoT22I,4
XmaI,SdaI,4
XmaI,PstI,4
XmaI,AflII,1
MreI,EcoRI,1
MreI,BauI,1
MreI,TaiI,4
MreI,AatII,4
MreI,HindIII,1
MreI,SacI,4
MreI,PvuI,4
MreI,BstKTI,4
MreI,RgaI,4
MreI,PacI,4
MreI,PciI,1
MreI,NcoI,1
MreI,BspHI,1
MreI,NlaIII,4
MreI,SphI,4
MreI,BseYI,1
MreI,GsaI,4
MreI,AgeI,0
MreI,XmaI,0
MreI,MreI,0
MreI,KroI,0
MreI,BspEI,0
MreI,FseI,4
MreI,AclI,4
MreI,HpySE526I,4
MreI,BspDI,4
MreI,AciI,4
MreI,HpaII,4
MreI,Hin6I,4
MreI,NarI,4
MreI,TaqI,4
MreI,BstBI,4
MreI,HhaI,4
MreI,MluI,1
MreI,MauBI,1
MreI,BssHII,1
MreI,AscI,1
MreI,SpeI,1
MreI,AvrII,1
MreI,NheI,1
MreI,XbaI,1
MreI,BspOI,4
MreI,BglII,1
MreI,BamHI,1
MreI,BclI,1
MreI,SacII,4
MreI,SspDI,1
MreI,BseX3I,1
MreI,NotI,1
MreI,PspOMI,1
MreI,ApaI,4
MreI,BsiWI,1
MreI,Asp718I,1
MreI,BsrGI,1
MreI,KpnI,4
MreI,PshBI,4
MreI,NdeI,4
MreI,BfaI,4
MreI,Csp6I,4
MreI,MseI,4
MreI,BbvCI,4
MreI,AbsI,1
MreI,SgrDI,1
MreI,XhoI,1
MreI,SalI,1
MreI,ApaLI,1
MreI,EcoT22I,4
MreI,SdaI,4
MreI,PstI,4
MreI,AflII,1
KroI,EcoRI,1
KroI,BauI,1
KroI,TaiI,4
KroI,AatII,4
KroI,HindIII,1
KroI,SacI,4
KroI,PvuI,4
KroI,BstKTI,4
KroI,RgaI,4
KroI,PacI,4
KroI,PciI,1
KroI,NcoI,1
KroI,BspHI,1
KroI,NlaIII,4
KroI,SphI,4
KroI,BseYI,1
KroI,GsaI,4
KroI,AgeI,0
KroI,XmaI,0
KroI,MreI,0
KroI,KroI,0
KroI,BspEI,0
KroI,FseI,4
KroI,AclI,4
KroI,HpySE526I,4
KroI,BspDI,4
KroI,AciI,4
KroI,HpaII,4
KroI,Hin6I,4
KroI,NarI,4
KroI,TaqI,4
KroI,BstBI,4
KroI,HhaI,4
KroI,MluI,1
KroI,MauBI,1
KroI,BssHII,1
KroI,AscI,1
KroI,SpeI,1
KroI,AvrII,1
KroI,NheI,1
KroI,XbaI,1
KroI,BspOI,4
KroI,BglII,1
KroI,BamHI,1
KroI,BclI,1
KroI,SacII,4
KroI,SspDI,1
KroI,BseX3I,1
KroI,NotI,1
KroI,PspOMI,1
KroI,ApaI,4
KroI,BsiWI,1
KroI,Asp718I,1
KroI,BsrGI,1
KroI,KpnI,4
KroI,PshBI,4
KroI,NdeI,4
KroI,BfaI,4
KroI,Csp6I,4
KroI,MseI,4
KroI,BbvCI,4
KroI,AbsI,1
KroI,SgrDI,1
KroI,XhoI,1
KroI,SalI,1
KroI,ApaLI,1
KroI,EcoT22I,4
KroI,SdaI,4
KroI,PstI,4
KroI,AflII,1
BspEI,EcoRI,1
BspEI,BauI,1
BspEI,TaiI,4
BspEI,AatII,4
BspEI,HindIII,1
BspEI,SacI,4
BspEI,PvuI,4
BspEI,BstKTI,4
BspEI,RgaI,4
BspEI,PacI,4
BspEI,PciI,1
BspEI,NcoI,1
BspEI,BspHI,1
BspEI,NlaIII,4
BspEI,SphI,4
BspEI,BseYI,1
BspEI,GsaI,4
BspEI,AgeI,0
BspEI,XmaI,0
BspEI,MreI,0
BspEI,KroI,0
BspEI,BspEI,0
BspEI,FseI,4
BspEI,AclI,4
BspEI,HpySE526I,4
BspEI,BspDI,4
BspEI,AciI,4
BspEI,HpaII,4
BspEI,Hin6I,4
BspEI,NarI,4
BspEI,TaqI,4
BspEI,BstBI,4
BspEI,HhaI,4
BspEI,MluI,1
BspEI,MauBI,1
BspEI,BssHII,1
BspEI,AscI,1
BspEI,SpeI,1
BspEI,AvrII,1
BspEI,NheI,1
BspEI,XbaI,1
BspEI,BspOI,4
BspEI,BglII,1
BspEI,BamHI,1
BspEI,BclI,1
BspEI,SacII,4
BspEI,SspDI,1
BspEI,BseX3I,1
BspEI,NotI,1
BspEI,PspOMI,1
BspEI,ApaI,4
BspEI,BsiWI,1
BspEI,Asp718I,1
BspEI,BsrGI,1
BspEI,KpnI,4
BspEI,PshBI,4
BspEI,NdeI,4
BspEI,BfaI,4
BspEI,Csp6I,4
BspEI,MseI,4
BspEI,BbvCI,4
BspEI,AbsI,1
BspEI,SgrDI,1
BspEI,XhoI,1
BspEI,SalI,1
BspEI,ApaLI,1
BspEI,EcoT22I,4
BspEI,SdaI,4
BspEI,PstI,4
BspEI,AflII,1
FseI,EcoRI,4
FseI,BauI,4
FseI,TaiI,1
FseI,AatII,1
FseI,HindIII,4
FseI,SacI,1
FseI,PvuI,4
FseI,BstKTI,4
FseI,RgaI,4
FseI,PacI,4
FseI,PciI,4
FseI,NcoI,4
FseI,BspHI,4
FseI,NlaIII,1
FseI,SphI,1
FseI,BseYI,4
FseI,GsaI,1
FseI,AgeI,4
FseI,XmaI,4
FseI,MreI,4
FseI,KroI,4
FseI,BspEI,4
FseI,FseI,0
FseI,AclI,4
FseI,HpySE526I,4
FseI,BspDI,4
FseI,AciI,4
FseI,HpaII,4
FseI,Hin6I,4
FseI,NarI,4
FseI,TaqI,4
FseI,BstBI,4
FseI,HhaI,4
FseI,MluI,4
FseI,MauBI,4
FseI,BssHII,4
FseI,AscI,4
FseI,SpeI,4
FseI,AvrII,4
FseI,NheI,4
FseI,XbaI,4
FseI,BspOI,1
FseI,BglII,4
FseI,BamHI,4
FseI,BclI,4
FseI,SacII,4
FseI,SspDI,4
FseI,BseX3I,4
FseI,NotI,4
FseI,PspOMI,4
FseI,ApaI,1
FseI,BsiWI,4
FseI,Asp718I,4
FseI,BsrGI,4
FseI,KpnI,1
FseI,PshBI,4
FseI,NdeI,4
FseI,BfaI,4
FseI,Csp6I,4
FseI,MseI,4
FseI,BbvCI,4
FseI,AbsI,4
FseI,SgrDI,4
FseI,XhoI,4
FseI,SalI,4
FseI,ApaLI,4
FseI,EcoT22I,1
FseI,SdaI,1
FseI,PstI,1
FseI,AflII,4
AclI,EcoRI,4
AclI,BauI,4
AclI,TaiI,4
AclI,AatII,4
AclI,HindIII,4
AclI,SacI,4
AclI,PvuI,4
AclI,BstKTI,4
AclI,RgaI,4
AclI,PacI,4
AclI,PciI,4
AclI,NcoI,4
AclI,BspHI,4
AclI,NlaIII,4
AclI,SphI,4
AclI,BseYI,4
AclI,GsaI,4
AclI,AgeI,4
AclI,XmaI,4
AclI,MreI,4
AclI,KroI,4
AclI,BspEI,4
AclI,FseI,4
AclI,AclI,0
AclI,HpySE526I,0
AclI,BspDI,0
AclI,AciI,0
AclI,HpaII,0
AclI,Hin6I,0
AclI,NarI,0
AclI,TaqI,0
AclI,BstBI,0
AclI,HhaI,4
AclI,MluI,4
AclI,MauBI,4
AclI,BssHII,4
AclI,AscI,4
AclI,SpeI,4
AclI,AvrII,4
AclI,NheI,4
AclI,XbaI,4
AclI,BspOI,4
AclI,BglII,4
AclI,BamHI,4
AclI,BclI,4
AclI,SacII,4
AclI,SspDI,4
AclI,BseX3I,4
AclI,NotI,4
AclI,PspOMI,4
AclI,ApaI,4
AclI,BsiWI,4
AclI,Asp718I,4
AclI,BsrGI,4
AclI,KpnI,4
AclI,PshBI,1
AclI,NdeI,1
AclI,BfaI,1
AclI,Csp6I,1
AclI,MseI,1
AclI,BbvCI,4
AclI,AbsI,4
AclI,SgrDI,4
AclI,XhoI,4
AclI,SalI,4
AclI,ApaLI,4
AclI,EcoT22I,4
AclI,SdaI,4
AclI,PstI,4
AclI,AflII,4
HpySE526I,EcoRI,4
HpySE526I,BauI,4
HpySE526I,TaiI,4
HpySE526I,AatII,4
HpySE526I,HindIII,4
HpySE526I,SacI,4
HpySE526I,PvuI,4
HpySE526I,BstKTI,4
HpySE526I,RgaI,4
HpySE526I,PacI,4
HpySE526I,PciI,4
HpySE526I,NcoI,4
HpySE526I,BspHI,4
HpySE526I,NlaIII,4
HpySE526I,SphI,4
HpySE526I,BseYI,4
HpySE526I,GsaI,4
HpySE526I,AgeI,4
HpySE526I,XmaI,4
HpySE526I,MreI,4
HpySE526I,KroI,4
HpySE526I,BspEI,4
HpySE526I,FseI,4
HpySE526I,AclI,0
HpySE526I,HpySE526I,0
HpySE526I,BspDI,0
HpySE526I,AciI,0
HpySE526I,HpaII,0
HpySE526I,Hin6I,0
HpySE526I,NarI,0
HpySE526I,TaqI,0
HpySE526I,BstBI,0
HpySE526I,HhaI,4
HpySE526I,MluI,4
HpySE526I,MauBI,4
HpySE526I,BssHII,4
HpySE526I,AscI,4
HpySE526I,SpeI,4
HpySE526I,AvrII,4
HpySE526I,NheI,4
HpySE526I,XbaI,4
HpySE526I,BspOI,4
HpySE526I,BglII,4
HpySE526I,BamHI,4
HpySE526I,BclI,4
HpySE526I,SacII,4
HpySE526I,SspDI,4
HpySE526I,BseX3I,4
HpySE526I,NotI,4
HpySE526I,PspOMI,4
HpySE526I,ApaI,4
HpySE526I,BsiWI,4
HpySE526I,Asp718I,4
HpySE526I,BsrGI,4
HpySE526I,KpnI,4
HpySE526I,PshBI,1
HpySE526I,NdeI,1
HpySE526I,BfaI,1
HpySE526I,Csp6I,1
HpySE526I,MseI,1
HpySE526I,BbvCI,4
HpySE526I,AbsI,4
HpySE526I,SgrDI,4
HpySE526I,XhoI,4
HpySE526I,SalI,4
HpySE526I,ApaLI,4
HpySE526I,EcoT22I,4
HpySE526I,SdaI,4
HpySE526I,PstI,4
HpySE526I,AflII,4
BspDI,EcoRI,4
BspDI,BauI,4
BspDI,TaiI,4
BspDI,AatII,4
BspDI,HindIII,4
BspDI,SacI,4
BspDI,PvuI,4
BspDI,BstKTI,4
BspDI,RgaI,4
BspDI,PacI,4
BspDI,PciI,4
BspDI,NcoI,4
BspDI,BspHI,4
BspDI,NlaIII,4
BspDI,SphI,4
BspDI,BseYI,4
BspDI,GsaI,4
BspDI,AgeI,4
BspDI,XmaI,4
BspDI,MreI,4
BspDI,KroI,4
BspDI,BspEI,4
BspDI,FseI,4
BspDI,AclI,0
BspDI,HpySE526I,0
BspDI,BspDI,0
BspDI,AciI,0
BspDI,HpaII,0
BspDI,Hin6I,0
BspDI,NarI,0
BspDI,TaqI,0
BspDI,BstBI,0
BspDI,HhaI,4
BspDI,MluI,4
BspDI,MauBI,4
BspDI,BssHII,4
BspDI,AscI,4
BspDI,SpeI,4
BspDI,AvrII,4
BspDI,NheI,4
BspDI,XbaI,4
BspDI,BspOI,4
BspDI,BglII,4
BspDI,BamHI,4
BspDI,BclI,4
BspDI,SacII,4
BspDI,SspDI,4
BspDI,BseX3I,4
BspDI,NotI,4
BspDI,PspOMI,4
BspDI,ApaI,4
BspDI,BsiWI,4
BspDI,Asp718I,4
BspDI,BsrGI,4
BspDI,KpnI,4
BspDI,PshBI,1
BspDI,NdeI,1
BspDI,BfaI,1
BspDI,Csp6I,1
BspDI,MseI,1
BspDI,BbvCI,4
BspDI,AbsI,4
BspDI,SgrDI,4
BspDI,XhoI,4
BspDI,SalI,4
BspDI,ApaLI,4
BspDI,EcoT22I,4
BspDI,SdaI,4
BspDI,PstI,4
BspDI,AflII,4
AciI,EcoRI,4
AciI,BauI,4
AciI,TaiI,4
AciI,AatII,4
AciI,HindIII,4
AciI,SacI,4
AciI,PvuI,4
AciI,BstKTI,4
AciI,RgaI,4
AciI,PacI,4
AciI,PciI,4
AciI,NcoI,4
AciI,BspHI,4
AciI,NlaIII,4
AciI,SphI,4
AciI,BseYI,4
AciI,GsaI,4
AciI,AgeI,4
AciI,XmaI,4
AciI,MreI,4
AciI,KroI,4
AciI,BspEI,4
AciI,FseI,4
AciI,AclI,0
AciI,HpySE526I,0
AciI,BspDI,0
AciI,AciI,0
AciI,HpaII,0
AciI,Hin6I,0
AciI,NarI,0
AciI,TaqI,0
AciI,BstBI,0
AciI,HhaI,4
AciI,MluI,4
AciI,MauBI,4
AciI,BssHII,4
AciI,AscI,4
AciI,SpeI,4
AciI,AvrII,4
AciI,NheI,4
AciI,XbaI,4
AciI,BspOI,4
AciI,BglII,4
AciI,BamHI,4
AciI,BclI,4
AciI,SacII,4
AciI,SspDI,4
AciI,BseX3I,4
AciI,NotI,4
AciI,PspOMI,4
AciI,ApaI,4
AciI,BsiWI,4
AciI,Asp718I,4
AciI,BsrGI,4
AciI,KpnI,4
AciI,PshBI,1
AciI,NdeI,1
AciI,BfaI,1
AciI,Csp6I,1
AciI,MseI,1
AciI,BbvCI,4
AciI,AbsI,4
AciI,SgrDI,4
AciI,XhoI,4
AciI,SalI,4
AciI,ApaLI,4
AciI,EcoT22I,4
AciI,SdaI,4
AciI,PstI,4
AciI,AflII,4
HpaII,EcoRI,4
HpaII,BauI,4
HpaII,TaiI,4
HpaII,AatII,4
HpaII,HindIII,4
HpaII,SacI,4
HpaII,PvuI,4
HpaII,BstKTI,4
HpaII,RgaI,4
HpaII,PacI,4
HpaII,PciI,4
HpaII,NcoI,4
HpaII,BspHI,4
HpaII,NlaIII,4
HpaII,SphI,4
HpaII,BseYI,4
HpaII,GsaI,4
HpaII,AgeI,4
HpaII,XmaI,4
HpaII,MreI,4
HpaII,KroI,4
HpaII,BspEI,4
HpaII,FseI,4
HpaII,AclI,0
HpaII,HpySE526I,0
HpaII,BspDI,0
HpaII,AciI,0
HpaII,HpaII,0
HpaII,Hin6I,0
HpaII,NarI,0
HpaII,TaqI,0
HpaII,BstBI,0
HpaII,HhaI,4
HpaII,MluI,4
HpaII,MauBI,4
HpaII,BssHII,4
HpaII,AscI,4
HpaII,SpeI,4
HpaII,AvrII,4
HpaII,NheI,4
HpaII,XbaI,4
HpaII,BspOI,4
HpaII,BglII,4
HpaII,BamHI,4
HpaII,BclI,4
HpaII,SacII,4
HpaII,SspDI,4
HpaII,BseX3I,4
HpaII,NotI,4
HpaII,PspOMI,4
HpaII,ApaI,4
HpaII,BsiWI,4
HpaII,Asp718I,4
HpaII,BsrGI,4
HpaII,KpnI,4
HpaII,PshBI,1
HpaII,NdeI,1
HpaII,BfaI,1
HpaII,Csp6I,1
HpaII,MseI,1
HpaII,BbvCI,4
HpaII,AbsI,4
HpaII,SgrDI,4
HpaII,XhoI,4
HpaII,SalI,4
HpaII,ApaLI,4
HpaII,EcoT22I,4
HpaII,SdaI,4
HpaII,PstI,4
HpaII,AflII,4
Hin6I,EcoRI,4
Hin6I,BauI,4
Hin6I,TaiI,4
Hin6I,AatII,4
Hin6I,HindIII,4
Hin6I,SacI,4
Hin6I,PvuI,4
Hin6I,BstKTI,4
Hin6I,RgaI,4
Hin6I,PacI,4
Hin6I,PciI,4
Hin6I,NcoI,4
Hin6I,BspHI,4
Hin6I,NlaIII,4
Hin6I,SphI,4
Hin6I,BseYI,4
Hin6I,GsaI,4
Hin6I,AgeI,4
Hin6I,XmaI,4
Hin6I,MreI,4
Hin6I,KroI,4
Hin6I,BspEI,4
Hin6I,FseI,4
Hin6I,AclI,0
Hin6I,HpySE526I,0
Hin6I,BspDI,0
Hin6I,AciI,0
Hin6I,HpaII,0
Hin6I,Hin6I,0
Hin6I,NarI,0
Hin6I,TaqI,0
Hin6I,BstBI,0
Hin6I,HhaI,4
Hin6I,MluI,4
Hin6I,MauBI,4
Hin6I,BssHII,4
Hin6I,AscI,4
Hin6I,SpeI,4
Hin6I,AvrII,4
Hin6I,NheI,4
Hin6I,XbaI,4
Hin6I,BspOI,4
Hin6I,BglII,4
Hin6I,BamHI,4
Hin6I,BclI,4
Hin6I,SacII,4
Hin6I,SspDI,4
Hin6I,BseX3I,4
Hin6I,NotI,4
Hin6I,PspOMI,4
Hin6I,ApaI,4
Hin6I,BsiWI,4
Hin6I,Asp718I,4
Hin6I,BsrGI,4
Hin6I,KpnI,4
Hin6I,PshBI,1
Hin6I,NdeI,1
Hin6I,BfaI,1
Hin6I,Csp6I,1
Hin6I,MseI,1
Hin6I,BbvCI,4
Hin6I,AbsI,4
Hin6I,SgrDI,4
Hin6I,XhoI,4
Hin6I,SalI,4
Hin6I,ApaLI,4
Hin6I,EcoT22I,4
Hin6I,SdaI,4
Hin6I,PstI,4
Hin6I,AflII,4
NarI,EcoRI,4
NarI,BauI,4
NarI,TaiI,4
NarI,AatII,4
NarI,HindIII,4
NarI,SacI,4
NarI,PvuI,4
NarI,BstKTI,4
NarI,RgaI,4
NarI,PacI,4
NarI,PciI,4
NarI,NcoI,4
NarI,BspHI,4
NarI,NlaIII,4
NarI,SphI,4
NarI,BseYI,4
NarI,GsaI,4
NarI,AgeI,4
NarI,XmaI,4
NarI,MreI,4
NarI,KroI,4
NarI,BspEI,4
NarI,FseI,4
NarI,AclI,0
NarI,HpySE526I,0
NarI,BspDI,0
NarI,AciI,0
NarI,HpaII,0
NarI,Hin6I,0
NarI,NarI,0
NarI,TaqI,0
NarI,BstBI,0
NarI,HhaI,4
NarI,MluI,4
NarI,MauBI,4
NarI,BssHII,4
NarI,AscI,4
NarI,SpeI,4
NarI,AvrII,4
NarI,NheI,4
NarI,XbaI,4
NarI,BspOI,4
NarI,BglII,4
NarI,BamHI,4
NarI,BclI,4
NarI,SacII,4
NarI,SspDI,4
NarI,BseX3I,4
NarI,NotI,4
NarI,PspOMI,4
NarI,ApaI,4
NarI,BsiWI,4
NarI,Asp718I,4
NarI,BsrGI,4
NarI,KpnI,4
NarI,PshBI,1
NarI,NdeI,1
NarI,BfaI,1
NarI,Csp6I,1
NarI,MseI,1
NarI,BbvCI,4
NarI,AbsI,4
NarI,SgrDI,4
NarI,XhoI,4
NarI,SalI,4
NarI,ApaLI,4
NarI,EcoT22I,4
NarI,SdaI,4
NarI,PstI,4
NarI,AflII,4
TaqI,EcoRI,4
TaqI,BauI,4
TaqI,TaiI,4
TaqI,AatII,4
TaqI,HindIII,4
TaqI,SacI,4
TaqI,PvuI,4
TaqI,BstKTI,4
TaqI,RgaI,4
TaqI,PacI,4
TaqI,PciI,4
TaqI,NcoI,4
TaqI,BspHI,4
TaqI,NlaIII,4
TaqI,SphI,4
TaqI,BseYI,4
TaqI,GsaI,4
TaqI,AgeI,4
TaqI,XmaI,4
TaqI,MreI,4
TaqI,KroI,4
TaqI,BspEI,4
TaqI,FseI,4
TaqI,AclI,0
TaqI,HpySE526I,0
TaqI,BspDI,0
TaqI,AciI,0
TaqI,HpaII,0
TaqI,Hin6I,0
TaqI,NarI,0
TaqI,TaqI,0
TaqI,BstBI,0
TaqI,HhaI,4
TaqI,MluI,4
TaqI,MauBI,4
TaqI,BssHII,4
TaqI,AscI,4
TaqI,SpeI,4
TaqI,AvrII,4
TaqI,NheI,4
TaqI,XbaI,4
TaqI,BspOI,4
TaqI,BglII,4
TaqI,BamHI,4
TaqI,BclI,4
TaqI,SacII,4
TaqI,SspDI,4
TaqI,BseX3I,4
TaqI,NotI,4
TaqI,PspOMI,4
TaqI,ApaI,4
TaqI,BsiWI,4
TaqI,Asp718I,4
TaqI,BsrGI,4
TaqI,KpnI,4
TaqI,PshBI,1
TaqI,NdeI,1
TaqI,BfaI,1
TaqI,Csp6I,1
TaqI,MseI,1
TaqI,BbvCI,4
TaqI,AbsI,4
TaqI,SgrDI,4
TaqI,XhoI,4
TaqI,SalI,4
TaqI,ApaLI,4
TaqI,EcoT22I,4
TaqI,SdaI,4
TaqI,PstI,4
TaqI,AflII,4
BstBI,EcoRI,4
BstBI,BauI,4
BstBI,TaiI,4
BstBI,AatII,4
BstBI,HindIII,4
BstBI,SacI,4
BstBI,PvuI,4
BstBI,BstKTI,4
BstBI,RgaI,4
BstBI,PacI,4
BstBI,PciI,4
BstBI,NcoI,4
BstBI,BspHI,4
BstBI,NlaIII,4
BstBI,SphI,4
BstBI,BseYI,4
BstBI,GsaI,4
BstBI,AgeI,4
BstBI,XmaI,4
BstBI,MreI,4
BstBI,KroI,4
BstBI,BspEI,4
BstBI,FseI,4
BstBI,AclI,0
BstBI,HpySE526I,0
BstBI,BspDI,0
BstBI,AciI,0
BstBI,HpaII,0
BstBI,Hin6I,0
BstBI,NarI,0
BstBI,TaqI,0
BstBI,BstBI,0
BstBI,HhaI,4
BstBI,MluI,4
BstBI,MauBI,4
BstBI,BssHII,4
BstBI,AscI,4
BstBI,SpeI,4
BstBI,AvrII,4
BstBI,NheI,4
BstBI,XbaI,4
BstBI,BspOI,4
BstBI,BglII,4
BstBI,BamHI,4
BstBI,BclI,4
BstBI,SacII,4
BstBI,SspDI,4
BstBI,BseX3I,4
BstBI,NotI,4
BstBI,PspOMI,4
BstBI,ApaI,4
BstBI,BsiWI,4
BstBI,Asp718I,4
BstBI,BsrGI,4
BstBI,KpnI,4
BstBI,PshBI,1
BstBI,NdeI,1
BstBI,BfaI,1
BstBI,Csp6I,1
BstBI,MseI,1
BstBI,BbvCI,4
BstBI,AbsI,4
BstBI,SgrDI,4
BstBI,XhoI,4
BstBI,SalI,4
BstBI,ApaLI,4
BstBI,EcoT22I,4
BstBI,SdaI,4
BstBI,PstI,4
BstBI,AflII,4
HhaI,EcoRI,4
HhaI,BauI,4
HhaI,TaiI,4
HhaI,AatII,4
HhaI,HindIII,4
HhaI,SacI,4
HhaI,PvuI,1
HhaI,BstKTI,1
HhaI,RgaI,1
HhaI,PacI,1
HhaI,PciI,4
HhaI,NcoI,4
HhaI,BspHI,4
HhaI,NlaIII,4
HhaI,SphI,4
HhaI,BseYI,4
HhaI,GsaI,4
HhaI,AgeI,4
HhaI,XmaI,4
HhaI,MreI,4
HhaI,KroI,4
HhaI,BspEI,4
HhaI,FseI,4
HhaI,AclI,4
HhaI,HpySE526I,4
HhaI,BspDI,4
HhaI,AciI,4
HhaI,HpaII,4
HhaI,Hin6I,4
HhaI,NarI,4
HhaI,TaqI,4
HhaI,BstBI,4
HhaI,HhaI,0
HhaI,MluI,4
HhaI,MauBI,4
HhaI,BssHII,4
HhaI,AscI,4
HhaI,SpeI,4
HhaI,AvrII,4
HhaI,NheI,4
HhaI,XbaI,4
HhaI,BspOI,4
HhaI,BglII,4
HhaI,BamHI,4
HhaI,BclI,4
HhaI,SacII,1
HhaI,SspDI,4
HhaI,BseX3I,4
HhaI,NotI,4
HhaI,PspOMI,4
HhaI,ApaI,4
HhaI,BsiWI,4
HhaI,Asp718I,4
HhaI,BsrGI,4
HhaI,KpnI,4
HhaI,PshBI,4
HhaI,NdeI,4
HhaI,BfaI,4
HhaI,Csp6I,4
HhaI,MseI,4
HhaI,BbvCI,4
HhaI,AbsI,4
HhaI,SgrDI,4
HhaI,XhoI,4
HhaI,SalI,4
HhaI,ApaLI,4
HhaI,EcoT22I,4
HhaI,SdaI,4
HhaI,PstI,4
HhaI,AflII,4
MluI,EcoRI,1
MluI,BauI,1
MluI,TaiI,4
MluI,AatII,4
MluI,HindIII,1
MluI,SacI,4
MluI,PvuI,4
MluI,BstKTI,4
MluI,RgaI,4
MluI,PacI,4
MluI,PciI,1
MluI,NcoI,1
MluI,BspHI,1
MluI,NlaIII,4
MluI,SphI,4
MluI,BseYI,1
MluI,GsaI,4
MluI,AgeI,1
MluI,XmaI,1
MluI,MreI,1
MluI,KroI,1
MluI,BspEI,1
MluI,FseI,4
MluI,AclI,4
MluI,HpySE526I,4
MluI,BspDI,4
MluI,AciI,4
MluI,HpaII,4
MluI,Hin6I,4
MluI,NarI,4
MluI,TaqI,4
MluI,BstBI,4
MluI,HhaI,4
MluI,MluI,0
MluI,MauBI,0
MluI,BssHII,0
MluI,AscI,0
MluI,SpeI,1
MluI,AvrII,1
MluI,NheI,1
MluI,XbaI,1
MluI,BspOI,4
MluI,BglII,1
MluI,BamHI,1
MluI,BclI,1
MluI,SacII,4
MluI,SspDI,1
MluI,BseX3I,1
MluI,NotI,1
MluI,PspOMI,1
MluI,ApaI,4
MluI,BsiWI,1
MluI,Asp718I,1
MluI,BsrGI,1
MluI,KpnI,4
MluI,PshBI,4
MluI,NdeI,4
MluI,BfaI,4
MluI,Csp6I,4
MluI,MseI,4
MluI,BbvCI,4
MluI,AbsI,1
MluI,SgrDI,1
MluI,XhoI,1
MluI,SalI,1
MluI,ApaLI,1
MluI,EcoT22I,4
MluI,SdaI,4
MluI,PstI,4
MluI,AflII,1
MauBI,EcoRI,1
MauBI,BauI,1
MauBI,TaiI,4
MauBI,AatII,4
MauBI,HindIII,1
MauBI,SacI,4
MauBI,PvuI,4
MauBI,BstKTI,4
MauBI,RgaI,4
MauBI,PacI,4
MauBI,PciI,1
MauBI,NcoI,1
MauBI,BspHI,1
MauBI,NlaIII,4
MauBI,SphI,4
MauBI,BseYI,1
MauBI,GsaI,4
MauBI,AgeI,1
MauBI,XmaI,1
MauBI,MreI,1
MauBI,KroI,1
MauBI,BspEI,1
MauBI,FseI,4
MauBI,AclI,4
MauBI,HpySE526I,4
MauBI,BspDI,4
MauBI,AciI,4
MauBI,HpaII,4
MauBI,Hin6I,4
MauBI,NarI,4
MauBI,TaqI,4
MauBI,BstBI,4
MauBI,HhaI,4
MauBI,MluI,0
MauBI,MauBI,0
MauBI,BssHII,0
MauBI,AscI,0
MauBI,SpeI,1
MauBI,AvrII,1
MauBI,NheI,1
MauBI,XbaI,1
MauBI,BspOI,4
MauBI,BglII,1
MauBI,BamHI,1
MauBI,BclI,1
MauBI,SacII,4
MauBI,SspDI,1
MauBI,BseX3I,1
MauBI,NotI,1
MauBI,PspOMI,1
MauBI,ApaI,4
MauBI,BsiWI,1
MauBI,Asp718I,1
MauBI,BsrGI,1
MauBI,KpnI,4
MauBI,PshBI,4
MauBI,NdeI,4
MauBI,BfaI,4
MauBI,Csp6I,4
MauBI,MseI,4
MauBI,BbvCI,4
MauBI,AbsI,1
MauBI,SgrDI,1
MauBI,XhoI,1
MauBI,SalI,1
MauBI,ApaLI,1
MauBI,EcoT22I,4
MauBI,SdaI,4
MauBI,PstI,4
MauBI,AflII,1
BssHII,EcoRI,1
BssHII,BauI,1
BssHII,TaiI,4
BssHII,AatII,4
BssHII,HindIII,1
BssHII,SacI,4
BssHII,PvuI,4
BssHII,BstKTI,4
BssHII,RgaI,4
BssHII,PacI,4
BssHII,PciI,1
BssHII,NcoI,1
BssHII,BspHI,1
BssHII,NlaIII,4
BssHII,SphI,4
BssHII,BseYI,1
BssHII,GsaI,4
BssHII,AgeI,1
BssHII,XmaI,1
BssHII,MreI,1
BssHII,KroI,1
BssHII,BspEI,1
BssHII,FseI,4
BssHII,AclI,4
BssHII,HpySE526I,4
BssHII,BspDI,4
BssHII,AciI,4
BssHII,HpaII,4
BssHII,Hin6I,4
BssHII,NarI,4
BssHII,TaqI,4
BssHII,BstBI,4
BssHII,HhaI,4
BssHII,MluI,0
BssHII,MauBI,0
BssHII,BssHII,0
BssHII,AscI,0
BssHII,SpeI,1
BssHII,AvrII,1
BssHII,NheI,1
BssHII,XbaI,1
BssHII,BspOI,4
BssHII,BglII,1
BssHII,BamHI,1
BssHII,BclI,1
BssHII,SacII,4
BssHII,SspDI,1
BssHII,BseX3I,1
BssHII,NotI,1
BssHII,PspOMI,1
BssHII,ApaI,4
BssHII,BsiWI,1
BssHII,Asp718I,1
BssHII,BsrGI,1
BssHII,KpnI,4
BssHII,PshBI,4
BssHII,NdeI,4
BssHII,BfaI,4
BssHII,Csp6I,4
BssHII,MseI,4
BssHII,BbvCI,4
BssHII,AbsI,1
BssHII,SgrDI,1
BssHII,XhoI,1
BssHII,SalI,1
BssHII,ApaLI,1
BssHII,EcoT22I,4
BssHII,SdaI,4
BssHII,PstI,4
BssHII,AflII,1
AscI,EcoRI,1
AscI,BauI,1
AscI,TaiI,4
AscI,AatII,4
AscI,HindIII,1
AscI,SacI,4
AscI,PvuI,4
AscI,BstKTI,4
AscI,RgaI,4
AscI,PacI,4
AscI,PciI,1
AscI,NcoI,1
AscI,BspHI,1
AscI,NlaIII,4
AscI,SphI,4
AscI,BseYI,1
AscI,GsaI,4
AscI,AgeI,1
AscI,XmaI,1
AscI,MreI,1
AscI,KroI,1
AscI,BspEI,1
AscI,FseI,4
AscI,AclI,4
AscI,HpySE526I,4
AscI,BspDI,4
AscI,AciI,4
AscI,HpaII,4
AscI,Hin6I,4
AscI,NarI,4
AscI,TaqI,4
AscI,BstBI,4
AscI,HhaI,4
AscI,MluI,0
AscI,MauBI,0
AscI,BssHII,0
AscI,AscI,0
AscI,SpeI,1
AscI,AvrII,1
AscI,NheI,1
AscI,XbaI,1
AscI,BspOI,4
AscI,BglII,1
AscI,BamHI,1
AscI,BclI,1
AscI,SacII,4
AscI,SspDI,1
AscI,BseX3I,1
AscI,NotI,1
AscI,PspOMI,1
AscI,ApaI,4
AscI,BsiWI,1
AscI,Asp718I,1
AscI,BsrGI,1
AscI,KpnI,4
AscI,PshBI,4
AscI,NdeI,4
AscI,BfaI,4
AscI,Csp6I,4
AscI,MseI,4
AscI,BbvCI,4
AscI,AbsI,1
AscI,SgrDI,1
AscI,XhoI,1
AscI,SalI,1
AscI,ApaLI,1
AscI,EcoT22I,4
AscI,SdaI,4
AscI,PstI,4
AscI,AflII,1
SpeI,EcoRI,1
SpeI,BauI,1
SpeI,TaiI,4
SpeI,AatII,4
SpeI,HindIII,1
SpeI,SacI,4
SpeI,PvuI,4
SpeI,BstKTI,4
SpeI,RgaI,4
SpeI,PacI,4
SpeI,PciI,1
SpeI,NcoI,1
SpeI,BspHI,1
SpeI,NlaIII,4
SpeI,SphI,4
SpeI,BseYI,1
SpeI,GsaI,4
SpeI,AgeI,1
SpeI,XmaI,1
SpeI,MreI,1
SpeI,KroI,1
SpeI,BspEI,1
SpeI,FseI,4
SpeI,AclI,4
SpeI,HpySE526I,4
SpeI,BspDI,4
SpeI,AciI,4
SpeI,HpaII,4
SpeI,Hin6I,4
SpeI,NarI,4
SpeI,TaqI,4
SpeI,BstBI,4
SpeI,HhaI,4
SpeI,MluI,1
SpeI,MauBI,1
SpeI,BssHII,1
SpeI,AscI,1
SpeI,SpeI,0
SpeI,AvrII,0
SpeI,NheI,0
SpeI,XbaI,0
SpeI,BspOI,4
SpeI,BglII,1
SpeI,BamHI,1
SpeI,BclI,1
SpeI,SacII,4
SpeI,SspDI,1
SpeI,BseX3I,1
SpeI,NotI,1
SpeI,PspOMI,1
SpeI,ApaI,4
SpeI,BsiWI,1
SpeI,Asp718I,1
SpeI,BsrGI,1
SpeI,KpnI,4
SpeI,PshBI,4
SpeI,NdeI,4
SpeI,BfaI,4
SpeI,Csp6I,4
SpeI,MseI,4
SpeI,BbvCI,4
SpeI,AbsI,1
SpeI,SgrDI,1
SpeI,XhoI,1
SpeI,SalI,1
SpeI,ApaLI,1
SpeI,EcoT22I,4
SpeI,SdaI,4
SpeI,PstI,4
SpeI,AflII,1
AvrII,EcoRI,1
AvrII,BauI,1
AvrII,TaiI,4
AvrII,AatII,4
AvrII,HindIII,1
AvrII,SacI,4
AvrII,PvuI,4
AvrII,BstKTI,4
AvrII,RgaI,4
AvrII,PacI,4
AvrII,PciI,1
AvrII,NcoI,1
AvrII,BspHI,1
AvrII,NlaIII,4
AvrII,SphI,4
AvrII,BseYI,1
AvrII,GsaI,4
AvrII,AgeI,1
AvrII,XmaI,1
AvrII,MreI,1
AvrII,KroI,1
AvrII,BspEI,1
AvrII,FseI,4
AvrII,AclI,4
AvrII,HpySE526I,4
AvrII,BspDI,4
AvrII,AciI,4
AvrII,HpaII,4
AvrII,Hin6I,4
AvrII,NarI,4
AvrII,TaqI,4
AvrII,BstBI,4
AvrII,HhaI,4
AvrII,MluI,1
AvrII,MauBI,1
AvrII,BssHII,1
AvrII,AscI,1
AvrII,SpeI,0
AvrII,AvrII,0
AvrII,NheI,0
AvrII,XbaI,0
AvrII,BspOI,4
AvrII,BglII,1
AvrII,BamHI,1
AvrII,BclI,1
AvrII,SacII,4
AvrII,SspDI,1
AvrII,BseX3I,1
AvrII,NotI,1
AvrII,PspOMI,1
AvrII,ApaI,4
AvrII,BsiWI,1
AvrII,Asp718I,1
AvrII,BsrGI,1
AvrII,KpnI,4
AvrII,PshBI,4
AvrII,NdeI,4
AvrII,BfaI,4
AvrII,Csp6I,4
AvrII,MseI,4
AvrII,BbvCI,4
AvrII,AbsI,1
AvrII,SgrDI,1
AvrII,XhoI,1
AvrII,SalI,1
AvrII,ApaLI,1
AvrII,EcoT22I,4
AvrII,SdaI,4
AvrII,PstI,4
AvrII,AflII,1
NheI,EcoRI,1
NheI,BauI,1
NheI,TaiI,4
NheI,AatII,4
NheI,HindIII,1
NheI,SacI,4
NheI,PvuI,4
NheI,BstKTI,4
NheI,RgaI,4
NheI,PacI,4
NheI,PciI,1
NheI,NcoI,1
NheI,BspHI,1
NheI,NlaIII,4
NheI,SphI,4
NheI,BseYI,1
NheI,GsaI,4
NheI,AgeI,1
NheI,XmaI,1
NheI,MreI,1
NheI,KroI,1
NheI,BspEI,1
NheI,FseI,4
NheI,AclI,4
NheI,HpySE526I,4
NheI,BspDI,4
NheI,AciI,4
NheI,HpaII,4
NheI,Hin6I,4
NheI,NarI,4
NheI,TaqI,4
NheI,BstBI,4
NheI,HhaI,4
NheI,MluI,1
NheI,MauBI,1
NheI,BssHII,1
NheI,AscI,1
NheI,SpeI,0
NheI,AvrII,0
NheI,NheI,0
NheI,XbaI,0
NheI,BspOI,4
NheI,BglII,1
NheI,BamHI,1
NheI,BclI,1
NheI,SacII,4
NheI,SspDI,1
NheI,BseX3I,1
NheI,NotI,1
NheI,PspOMI,1
NheI,ApaI,4
NheI,BsiWI,1
NheI,Asp718I,1
NheI,BsrGI,1
NheI,KpnI,4
NheI,PshBI,4
NheI,NdeI,4
NheI,BfaI,4
NheI,Csp6I,4
NheI,MseI,4
NheI,BbvCI,4
NheI,AbsI,1
NheI,SgrDI,1
NheI,XhoI,1
NheI,SalI,1
NheI,ApaLI,1
NheI,EcoT22I,4
NheI,SdaI,4
NheI,PstI,4
NheI,AflII,1
XbaI,EcoRI,1
XbaI,BauI,1
XbaI,TaiI,4
XbaI,AatII,4
XbaI,HindIII,1
XbaI,SacI,4
XbaI,PvuI,4
XbaI,BstKTI,4
XbaI,RgaI,4
XbaI,PacI,4
XbaI,PciI,1
XbaI,NcoI,1
XbaI,BspHI,1
XbaI,NlaIII,4
XbaI,SphI,4
XbaI,BseYI,1
XbaI,GsaI,4
XbaI,AgeI,1
XbaI,XmaI,1
XbaI,MreI,1
XbaI,KroI,1
XbaI,BspEI,1
XbaI,FseI,4
XbaI,AclI,4
XbaI,HpySE526I,4
XbaI,BspDI,4
XbaI,AciI,4
XbaI,HpaII,4
XbaI,Hin6I,4
XbaI,NarI,4
XbaI,TaqI,4
XbaI,BstBI,4
XbaI,HhaI,4
XbaI,MluI,1
XbaI,MauBI,1
XbaI,BssHII,1
XbaI,AscI,1
XbaI,SpeI,0
XbaI,AvrII,0
XbaI,NheI,0
XbaI,XbaI,0
XbaI,BspOI,4
XbaI,BglII,1
XbaI,BamHI,1
XbaI,BclI,1
XbaI,SacII,4
XbaI,SspDI,1
XbaI,BseX3I,1
XbaI,NotI,1
XbaI,PspOMI,1
XbaI,ApaI,4
XbaI,BsiWI,1
XbaI,Asp718I,1
XbaI,BsrGI,1
XbaI,KpnI,4
XbaI,PshBI,4
XbaI,NdeI,4
XbaI,BfaI,4
XbaI,Csp6I,4
XbaI,MseI,4
XbaI,BbvCI,4
XbaI,AbsI,1
XbaI,SgrDI,1
XbaI,XhoI,1
XbaI,SalI,1
XbaI,ApaLI,1
XbaI,EcoT22I,4
XbaI,SdaI,4
XbaI,PstI,4
XbaI,AflII,1
BspOI,EcoRI,4
BspOI,BauI,4
BspOI,TaiI,1
BspOI,AatII,1
BspOI,HindIII,4
BspOI,SacI,1
BspOI,PvuI,4
BspOI,BstKTI,4
BspOI,RgaI,4
BspOI,PacI,4
BspOI,PciI,4
BspOI,NcoI,4
BspOI,BspHI,4
BspOI,NlaIII,1
BspOI,SphI,1
BspOI,BseYI,4
BspOI,GsaI,1
BspOI,AgeI,4
BspOI,XmaI,4
BspOI,MreI,4
BspOI,KroI,4
BspOI,BspEI,4
BspOI,FseI,1
BspOI,AclI,4
BspOI,HpySE526I,4
BspOI,BspDI,4
BspOI,AciI,4
BspOI,HpaII,4
BspOI,Hin6I,4
BspOI,NarI,4
BspOI,TaqI,4
BspOI,BstBI,4
BspOI,HhaI,4
BspOI,MluI,4
BspOI,MauBI,4
BspOI,BssHII,4
BspOI,AscI,4
BspOI,SpeI,4
BspOI,AvrII,4
BspOI,NheI,4
BspOI,XbaI,4
BspOI,BspOI,0
BspOI,BglII,4
BspOI,BamHI,4
BspOI,BclI,4
BspOI,SacII,4
BspOI,SspDI,4
BspOI,BseX3I,4
BspOI,NotI,4
BspOI,PspOMI,4
BspOI,ApaI,1
BspOI,BsiWI,4
BspOI,Asp718I,4
BspOI,BsrGI,4
BspOI,KpnI,1
BspOI,PshBI,4
BspOI,NdeI,4
BspOI,BfaI,4
BspOI,Csp6I,4
BspOI,MseI,4
BspOI,BbvCI,4
BspOI,AbsI,4
BspOI,SgrDI,4
BspOI,XhoI,4
BspOI,SalI,4
BspOI,ApaLI,4
BspOI,EcoT22I,1
BspOI,SdaI,1
BspOI,PstI,1
BspOI,AflII,4
BglII,EcoRI,1
BglII,BauI,1
BglII,TaiI,4
BglII,AatII,4
BglII,HindIII,1
BglII,SacI,4
BglII,PvuI,4
BglII,BstKTI,4
BglII,RgaI,4
BglII,PacI,4
BglII,PciI,1
BglII,NcoI,1
BglII,BspHI,1
BglII,NlaIII,4
BglII,SphI,4
BglII,BseYI,1
BglII,GsaI,4
BglII,AgeI,1
BglII,XmaI,1
BglII,MreI,1
BglII,KroI,1
BglII,BspEI,1
BglII,FseI,4
BglII,AclI,4
BglII,HpySE526I,4
BglII,BspDI,4
BglII,AciI,4
BglII,HpaII,4
BglII,Hin6I,4
BglII,NarI,4
BglII,TaqI,4
BglII,BstBI,4
BglII,HhaI,4
BglII,MluI,1
BglII,MauBI,1
BglII,BssHII,1
BglII,AscI,1
BglII,SpeI,1
BglII,AvrII,1
BglII,NheI,1
BglII,XbaI,1
BglII,BspOI,4
BglII,BglII,0
BglII,BamHI,0
BglII,BclI,0
BglII,SacII,4
BglII,SspDI,1
BglII,BseX3I,1
BglII,NotI,1
BglII,PspOMI,1
BglII,ApaI,4
BglII,BsiWI,1
BglII,Asp718I,1
BglII,BsrGI,1
BglII,KpnI,4
BglII,PshBI,4
BglII,NdeI,4
BglII,BfaI,4
BglII,Csp6I,4
BglII,MseI,4
BglII,BbvCI,4
BglII,AbsI,1
BglII,SgrDI,1
BglII,XhoI,1
BglII,SalI,1
BglII,ApaLI,1
BglII,EcoT22I,4
BglII,SdaI,4
BglII,PstI,4
BglII,AflII,1
BamHI,EcoRI,1
BamHI,BauI,1
BamHI,TaiI,4
BamHI,AatII,4
BamHI,HindIII,1
BamHI,SacI,4
BamHI,PvuI,4
BamHI,BstKTI,4
BamHI,RgaI,4
BamHI,PacI,4
BamHI,PciI,1
BamHI,NcoI,1
BamHI,BspHI,1
BamHI,NlaIII,4
BamHI,SphI,4
BamHI,BseYI,1
BamHI,GsaI,4
BamHI,AgeI,1
BamHI,XmaI,1
BamHI,MreI,1
BamHI,KroI,1
BamHI,BspEI,1
BamHI,FseI,4
BamHI,AclI,4
BamHI,HpySE526I,4
BamHI,BspDI,4
BamHI,AciI,4
BamHI,HpaII,4
BamHI,Hin6I,4
BamHI,NarI,4
BamHI,TaqI,4
BamHI,BstBI,4
BamHI,HhaI,4
BamHI,MluI,1
BamHI,MauBI,1
BamHI,BssHII,1
BamHI,AscI,1
BamHI,SpeI,1
BamHI,AvrII,1
BamHI,NheI,1
BamHI,XbaI,1
BamHI,BspOI,4
BamHI,BglII,0
BamHI,BamHI,0
BamHI,BclI,0
BamHI,SacII,4
BamHI,SspDI,1
BamHI,BseX3I,1
BamHI,NotI,1
BamHI,PspOMI,1
BamHI,ApaI,4
BamHI,BsiWI,1
BamHI,Asp718I,1
BamHI,BsrGI,1
BamHI,KpnI,4
BamHI,PshBI,4
BamHI,NdeI,4
BamHI,BfaI,4
BamHI,Csp6I,4
BamHI,MseI,4
BamHI,BbvCI,4
BamHI,AbsI,1
BamHI,SgrDI,1
BamHI,XhoI,1
BamHI,SalI,1
BamHI,ApaLI,1
BamHI,EcoT22I,4
BamHI,SdaI,4
BamHI,PstI,4
BamHI,AflII,1
BclI,EcoRI,1
BclI,BauI,1
BclI,TaiI,4
BclI,AatII,4
BclI,HindIII,1
BclI,SacI,4
BclI,PvuI,4
BclI,BstKTI,4
BclI,RgaI,4
BclI,PacI,4
BclI,PciI,1
BclI,NcoI,1
BclI,BspHI,1
BclI,NlaIII,4
BclI,SphI,4
BclI,BseYI,1
BclI,GsaI,4
BclI,AgeI,1
BclI,XmaI,1
BclI,MreI,1
BclI,KroI,1
BclI,BspEI,1
BclI,FseI,4
BclI,AclI,4
BclI,HpySE526I,4
BclI,BspDI,4
BclI,AciI,4
BclI,HpaII,4
BclI,Hin6I,4
BclI,NarI,4
BclI,TaqI,4
BclI,BstBI,4
BclI,HhaI,4
BclI,MluI,1
BclI,MauBI,1
BclI,BssHII,1
BclI,AscI,1
BclI,SpeI,1
BclI,AvrII,1
BclI,NheI,1
BclI,XbaI,1
BclI,BspOI,4
BclI,BglII,0
BclI,BamHI,0
BclI,BclI,0
BclI,SacII,4
BclI,SspDI,1
BclI,BseX3I,1
BclI,NotI,1
BclI,PspOMI,1
BclI,ApaI,4
BclI,BsiWI,1
BclI,Asp718I,1
BclI,BsrGI,1
BclI,KpnI,4
BclI,PshBI,4
BclI,NdeI,4
BclI,BfaI,4
BclI,Csp6I,4
BclI,MseI,4
BclI,BbvCI,4
BclI,AbsI,1
BclI,SgrDI,1
BclI,XhoI,1
BclI,SalI,1
BclI,ApaLI,1
BclI,EcoT22I,4
BclI,SdaI,4
BclI,PstI,4
BclI,AflII,1
SacII,EcoRI,4
SacII,BauI,4
SacII,TaiI,4
SacII,AatII,4
SacII,HindIII,4
SacII,SacI,4
SacII,PvuI,1
SacII,BstKTI,1
SacII,RgaI,1
SacII,PacI,1
SacII,PciI,4
SacII,NcoI,4
SacII,BspHI,4
SacII,NlaIII,4
SacII,SphI,4
SacII,BseYI,4
SacII,GsaI,4
SacII,AgeI,4
SacII,XmaI,4
SacII,MreI,4
SacII,KroI,4
SacII,BspEI,4
SacII,FseI,4
SacII,AclI,4
SacII,HpySE526I,4
SacII,BspDI,4
SacII,AciI,4
SacII,HpaII,4
SacII,Hin6I,4
SacII,NarI,4
SacII,TaqI,4
SacII,BstBI,4
SacII,HhaI,1
SacII,MluI,4
SacII,MauBI,4
SacII,BssHII,4
SacII,AscI,4
SacII,SpeI,4
SacII,AvrII,4
SacII,NheI,4
SacII,XbaI,4
SacII,BspOI,4
SacII,BglII,4
SacII,BamHI,4
SacII,BclI,4
SacII,SacII,0
SacII,SspDI,4
SacII,BseX3I,4
SacII,NotI,4
SacII,PspOMI,4
SacII,ApaI,4
SacII,BsiWI,4
SacII,Asp718I,4
SacII,BsrGI,4
SacII,KpnI,4
SacII,PshBI,4
SacII,NdeI,4
SacII,BfaI,4
SacII,Csp6I,4
SacII,MseI,4
SacII,BbvCI,4
SacII,AbsI,4
SacII,SgrDI,4
SacII,XhoI,4
SacII,SalI,4
SacII,ApaLI,4
SacII,EcoT22I,4
SacII,SdaI,4
SacII,PstI,4
SacII,AflII,4
SspDI,EcoRI,1
SspDI,BauI,1
SspDI,TaiI,4
SspDI,AatII,4
SspDI,HindIII,1
SspDI,SacI,4
SspDI,PvuI,4
SspDI,BstKTI,4
SspDI,RgaI,4
SspDI,PacI,4
SspDI,PciI,1
SspDI,NcoI,1
SspDI,BspHI,1
SspDI,NlaIII,4
SspDI,SphI,4
SspDI,BseYI,1
SspDI,GsaI,4
SspDI,AgeI,1
SspDI,XmaI,1
SspDI,MreI,1
SspDI,KroI,1
SspDI,BspEI,1
SspDI,FseI,4
SspDI,AclI,4
SspDI,HpySE526I,4
SspDI,BspDI,4
SspDI,AciI,4
SspDI,HpaII,4
SspDI,Hin6I,4
SspDI,NarI,4
SspDI,TaqI,4
SspDI,BstBI,4
SspDI,HhaI,4
SspDI,MluI,1
SspDI,MauBI,1
SspDI,BssHII,1
SspDI,AscI,1
SspDI,SpeI,1
SspDI,AvrII,1
SspDI,NheI,1
SspDI,XbaI,1
SspDI,BspOI,4
SspDI,BglII,1
SspDI,BamHI,1
SspDI,BclI,1
SspDI,SacII,4
SspDI,SspDI,0
SspDI,BseX3I,1
SspDI,NotI,1
SspDI,PspOMI,1
SspDI,ApaI,4
SspDI,BsiWI,1
SspDI,Asp718I,1
SspDI,BsrGI,1
SspDI,KpnI,4
SspDI,PshBI,4
SspDI,NdeI,4
SspDI,BfaI,4
SspDI,Csp6I,4
SspDI,MseI,4
SspDI,BbvCI,4
SspDI,AbsI,1
SspDI,SgrDI,1
SspDI,XhoI,1
SspDI,SalI,1
SspDI,ApaLI,1
SspDI,EcoT22I,4
SspDI,SdaI,4
SspDI,PstI,4
SspDI,AflII,1
BseX3I,EcoRI,1
BseX3I,BauI,1
BseX3I,TaiI,4
BseX3I,AatII,4
BseX3I,HindIII,1
BseX3I,SacI,4
BseX3I,PvuI,4
BseX3I,BstKTI,4
BseX3I,RgaI,4
BseX3I,PacI,4
BseX3I,PciI,1
BseX3I,NcoI,1
BseX3I,BspHI,1
BseX3I,NlaIII,4
BseX3I,SphI,4
BseX3I,BseYI,1
BseX3I,GsaI,4
BseX3I,AgeI,1
BseX3I,XmaI,1
BseX3I,MreI,1
BseX3I,KroI,1
BseX3I,BspEI,1
BseX3I,FseI,4
BseX3I,AclI,4
BseX3I,HpySE526I,4
BseX3I,BspDI,4
BseX3I,AciI,4
BseX3I,HpaII,4
BseX3I,Hin6I,4
BseX3I,NarI,4
BseX3I,TaqI,4
BseX3I,BstBI,4
BseX3I,HhaI,4
BseX3I,MluI,1
BseX3I,MauBI,1
BseX3I,BssHII,1
BseX3I,AscI,1
BseX3I,SpeI,1
BseX3I,AvrII,1
BseX3I,NheI,1
BseX3I,XbaI,1
BseX3I,BspOI,4
BseX3I,BglII,1
BseX3I,BamHI,1
BseX3I,BclI,1
BseX3I,SacII,4
BseX3I,SspDI,1
BseX3I,BseX3I,0
BseX3I,NotI,0
BseX3I,PspOMI,0
BseX3I,ApaI,4
BseX3I,BsiWI,1
BseX3I,Asp718I,1
BseX3I,BsrGI,1
BseX3I,KpnI,4
BseX3I,PshBI,4
BseX3I,NdeI,4
BseX3I,BfaI,4
BseX3I,Csp6I,4
BseX3I,MseI,4
BseX3I,BbvCI,4
BseX3I,AbsI,1
BseX3I,SgrDI,1
BseX3I,XhoI,1
BseX3I,SalI,1
BseX3I,ApaLI,1
BseX3I,EcoT22I,4
BseX3I,SdaI,4
BseX3I,PstI,4
BseX3I,AflII,1
NotI,EcoRI,1
NotI,BauI,1
NotI,TaiI,4
NotI,AatII,4
NotI,HindIII,1
NotI,SacI,4
NotI,PvuI,4
NotI,BstKTI,4
NotI,RgaI,4
NotI,PacI,4
NotI,PciI,1
NotI,NcoI,1
NotI,BspHI,1
NotI,NlaIII,4
NotI,SphI,4
NotI,BseYI,1
NotI,GsaI,4
NotI,AgeI,1
NotI,XmaI,1
NotI,MreI,1
NotI,KroI,1
NotI,BspEI,1
NotI,FseI,4
NotI,AclI,4
NotI,HpySE526I,4
NotI,BspDI,4
NotI,AciI,4
NotI,HpaII,4
NotI,Hin6I,4
NotI,NarI,4
NotI,TaqI,4
NotI,BstBI,4
NotI,HhaI,4
NotI,MluI,1
NotI,MauBI,1
NotI,BssHII,1
NotI,AscI,1
NotI,SpeI,1
NotI,AvrII,1
NotI,NheI,1
NotI,XbaI,1
NotI,BspOI,4
NotI,BglII,1
NotI,BamHI,1
NotI,BclI,1
NotI,SacII,4
NotI,SspDI,1
NotI,BseX3I,0
NotI,NotI,0
NotI,PspOMI,0
NotI,ApaI,4
NotI,BsiWI,1
NotI,Asp718I,1
NotI,BsrGI,1
NotI,KpnI,4
NotI,PshBI,4
NotI,NdeI,4
NotI,BfaI,4
NotI,Csp6I,4
NotI,MseI,4
NotI,BbvCI,4
NotI,AbsI,1
NotI,SgrDI,1
NotI,XhoI,1
NotI,SalI,1
NotI,ApaLI,1
NotI,EcoT22I,4
NotI,SdaI,4
NotI,PstI,4
NotI,AflII,1
PspOMI,EcoRI,1
PspOMI,BauI,1
PspOMI,TaiI,4
PspOMI,AatII,4
PspOMI,HindIII,1
PspOMI,SacI,4
PspOMI,PvuI,4
PspOMI,BstKTI,4
PspOMI,RgaI,4
PspOMI,PacI,4
PspOMI,PciI,1
PspOMI,NcoI,1
PspOMI,BspHI,1
PspOMI,NlaIII,4
PspOMI,SphI,4
PspOMI,BseYI,1
PspOMI,GsaI,4
PspOMI,AgeI,1
PspOMI,XmaI,1
PspOMI,MreI,1
PspOMI,KroI,1
PspOMI,BspEI,1
PspOMI,FseI,4
PspOMI,AclI,4
PspOMI,HpySE526I,4
PspOMI,BspDI,4
PspOMI,AciI,4
PspOMI,HpaII,4
PspOMI,Hin6I,4
PspOMI,NarI,4
PspOMI,TaqI,4
PspOMI,BstBI,4
PspOMI,HhaI,4
PspOMI,MluI,1
PspOMI,MauBI,1
PspOMI,BssHII,1
PspOMI,AscI,1
PspOMI,SpeI,1
PspOMI,AvrII,1
PspOMI,NheI,1
PspOMI,XbaI,1
PspOMI,BspOI,4
PspOMI,BglII,1
PspOMI,BamHI,1
PspOMI,BclI,1
PspOMI,SacII,4
PspOMI,SspDI,1
PspOMI,BseX3I,0
PspOMI,NotI,0
PspOMI,PspOMI,0
PspOMI,ApaI,4
PspOMI,BsiWI,1
PspOMI,Asp718I,1
PspOMI,BsrGI,1
PspOMI,KpnI,4
PspOMI,PshBI,4
PspOMI,NdeI,4
PspOMI,BfaI,4
PspOMI,Csp6I,4
PspOMI,MseI,4
PspOMI,BbvCI,4
PspOMI,AbsI,1
PspOMI,SgrDI,1
PspOMI,XhoI,1
PspOMI,SalI,1
PspOMI,ApaLI,1
PspOMI,EcoT22I,4
PspOMI,SdaI,4
PspOMI,PstI,4
PspOMI,AflII,1
ApaI,EcoRI,4
ApaI,BauI,4
ApaI,TaiI,1
ApaI,AatII,1
ApaI,HindIII,4
ApaI,SacI,1
ApaI,PvuI,4
ApaI,BstKTI,4
ApaI,RgaI,4
ApaI,PacI,4
ApaI,PciI,4
ApaI,NcoI,4
ApaI,BspHI,4
ApaI,NlaIII,1
ApaI,SphI,1
ApaI,BseYI,4
ApaI,GsaI,1
ApaI,AgeI,4
ApaI,XmaI,4
ApaI,MreI,4
ApaI,KroI,4
ApaI,BspEI,4
ApaI,FseI,1
ApaI,AclI,4
ApaI,HpySE526I,4
ApaI,BspDI,4
ApaI,AciI,4
ApaI,HpaII,4
ApaI,Hin6I,4
ApaI,NarI,4
ApaI,TaqI,4
ApaI,BstBI,4
ApaI,HhaI,4
ApaI,MluI,4
ApaI,MauBI,4
ApaI,BssHII,4
ApaI,AscI,4
ApaI,SpeI,4
ApaI,AvrII,4
ApaI,NheI,4
ApaI,XbaI,4
ApaI,BspOI,1
ApaI,BglII,4
ApaI,BamHI,4
ApaI,BclI,4
ApaI,SacII,4
ApaI,SspDI,4
ApaI,BseX3I,4
ApaI,NotI,4
ApaI,PspOMI,4
ApaI,ApaI,0
ApaI,BsiWI,4
ApaI,Asp718I,4
ApaI,BsrGI,4
ApaI,KpnI,1
ApaI,PshBI,4
ApaI,NdeI,4
ApaI,BfaI,4
ApaI,Csp6I,4
ApaI,MseI,4
ApaI,BbvCI,4
ApaI,AbsI,4
ApaI,SgrDI,4
ApaI,XhoI,4
ApaI,SalI,4
ApaI,ApaLI,4
ApaI,EcoT22I,1
ApaI,SdaI,1
ApaI,PstI,1
ApaI,AflII,4
BsiWI,EcoRI,1
BsiWI,BauI,1
BsiWI,TaiI,4
BsiWI,AatII,4
BsiWI,HindIII,1
BsiWI,SacI,4
BsiWI,PvuI,4
BsiWI,BstKTI,4
BsiWI,RgaI,4
BsiWI,PacI,4
BsiWI,PciI,1
BsiWI,NcoI,1
BsiWI,BspHI,1
BsiWI,NlaIII,4
BsiWI,SphI,4
BsiWI,BseYI,1
BsiWI,GsaI,4
BsiWI,AgeI,1
BsiWI,XmaI,1
BsiWI,MreI,1
BsiWI,KroI,1
BsiWI,BspEI,1
BsiWI,FseI,4
BsiWI,AclI,4
BsiWI,HpySE526I,4
BsiWI,BspDI,4
BsiWI,AciI,4
BsiWI,HpaII,4
BsiWI,Hin6I,4
BsiWI,NarI,4
BsiWI,TaqI,4
BsiWI,BstBI,4
BsiWI,HhaI,4
BsiWI,MluI,1
BsiWI,MauBI,1
BsiWI,BssHII,1
BsiWI,AscI,1
BsiWI,SpeI,1
BsiWI,AvrII,1
BsiWI,NheI,1
BsiWI,XbaI,1
BsiWI,BspOI,4
BsiWI,BglII,1
BsiWI,BamHI,1
BsiWI,BclI,1
BsiWI,SacII,4
BsiWI,SspDI,1
BsiWI,BseX3I,1
BsiWI,NotI,1
BsiWI,PspOMI,1
BsiWI,ApaI,4
BsiWI,BsiWI,0
BsiWI,Asp718I,0
BsiWI,BsrGI,0
BsiWI,KpnI,4
BsiWI,PshBI,4
BsiWI,NdeI,4
BsiWI,BfaI,4
BsiWI,Csp6I,4
BsiWI,MseI,4
BsiWI,BbvCI,4
BsiWI,AbsI,1
BsiWI,SgrDI,1
BsiWI,XhoI,1
BsiWI,SalI,1
BsiWI,ApaLI,1
BsiWI,EcoT22I,4
BsiWI,SdaI,4
BsiWI,PstI,4
BsiWI,AflII,1
Asp718I,EcoRI,1
Asp718I,BauI,1
Asp718I,TaiI,4
Asp718I,AatII,4
Asp718I,HindIII,1
Asp718I,SacI,4
Asp718I,PvuI,4
Asp718I,BstKTI,4
Asp718I,RgaI,4
Asp718I,PacI,4
Asp718I,PciI,1
Asp718I,NcoI,1
Asp718I,BspHI,1
Asp718I,NlaIII,4
Asp718I,SphI,4
Asp718I,BseYI,1
Asp718I,GsaI,4
Asp718I,AgeI,1
Asp718I,XmaI,1
Asp718I,MreI,1
Asp718I,KroI,1
Asp718I,BspEI,1
Asp718I,FseI,4
Asp718I,AclI,4
Asp718I,HpySE526I,4
Asp718I,BspDI,4
Asp718I,AciI,4
Asp718I,HpaII,4
Asp718I,Hin6I,4
Asp718I,NarI,4
Asp718I,TaqI,4
Asp718I,BstBI,4
Asp718I,HhaI,4
Asp718I,MluI,1
Asp718I,MauBI,1
Asp718I,BssHII,1
Asp718I,AscI,1
Asp718I,SpeI,1
Asp718I,AvrII,1
Asp718I,NheI,1
Asp718I,XbaI,1
Asp718I,BspOI,4
Asp718I,BglII,1
Asp718I,BamHI,1
Asp718I,BclI,1
Asp718I,SacII,4
Asp718I,SspDI,1
Asp718I,BseX3I,1
Asp718I,NotI,1
Asp718I,PspOMI,1
Asp718I,ApaI,4
Asp718I,BsiWI,0
Asp718I,Asp718I,0
Asp718I,BsrGI,0
Asp718I,KpnI,4
Asp718I,PshBI,4
Asp718I,NdeI,4
Asp718I,BfaI,4
Asp718I,Csp6I,4
Asp718I,MseI,4
Asp718I,BbvCI,4
Asp718I,AbsI,1
Asp718I,SgrDI,1
Asp718I,XhoI,1
Asp718I,SalI,1
Asp718I,ApaLI,1
Asp718I,EcoT22I,4
Asp718I,SdaI,4
Asp718I,PstI,4
Asp718I,AflII,1
BsrGI,EcoRI,1
BsrGI,BauI,1
BsrGI,TaiI,4
BsrGI,AatII,4
BsrGI,HindIII,1
BsrGI,SacI,4
BsrGI,PvuI,4
BsrGI,BstKTI,4
BsrGI,RgaI,4
BsrGI,PacI,4
BsrGI,PciI,1
BsrGI,NcoI,1
BsrGI,BspHI,1
BsrGI,NlaIII,4
BsrGI,SphI,4
BsrGI,BseYI,1
BsrGI,GsaI,4
BsrGI,AgeI,1
BsrGI,XmaI,1
BsrGI,MreI,1
BsrGI,KroI,1
BsrGI,BspEI,1
BsrGI,FseI,4
BsrGI,AclI,4
BsrGI,HpySE526I,4
BsrGI,BspDI,4
BsrGI,AciI,4
BsrGI,HpaII,4
BsrGI,Hin6I,4
BsrGI,NarI,4
BsrGI,TaqI,4
BsrGI,BstBI,4
BsrGI,HhaI,4
BsrGI,MluI,1
BsrGI,MauBI,1
BsrGI,BssHII,1
BsrGI,AscI,1
BsrGI,SpeI,1
BsrGI,AvrII,1
BsrGI,NheI,1
BsrGI,XbaI,1
BsrGI,BspOI,4
BsrGI,BglII,1
BsrGI,BamHI,1
BsrGI,BclI,1
BsrGI,SacII,4
BsrGI,SspDI,1
BsrGI,BseX3I,1
BsrGI,NotI,1
BsrGI,PspOMI,1
BsrGI,ApaI,4
BsrGI,BsiWI,0
BsrGI,Asp718I,0
BsrGI,BsrGI,0
BsrGI,KpnI,4
BsrGI,PshBI,4
BsrGI,NdeI,4
BsrGI,BfaI,4
BsrGI,Csp6I,4
BsrGI,MseI,4
BsrGI,BbvCI,4
BsrGI,AbsI,1
BsrGI,SgrDI,1
BsrGI,XhoI,1
BsrGI,SalI,1
BsrGI,ApaLI,1
BsrGI,EcoT22I,4
BsrGI,SdaI,4
BsrGI,PstI,4
BsrGI,AflII,1
KpnI,EcoRI,4
KpnI,BauI,4
KpnI,TaiI,1
KpnI,AatII,1
KpnI,HindIII,4
KpnI,SacI,1
KpnI,PvuI,4
KpnI,BstKTI,4
KpnI,RgaI,4
KpnI,PacI,4
KpnI,PciI,4
KpnI,NcoI,4
KpnI,BspHI,4
KpnI,NlaIII,1
KpnI,SphI,1
KpnI,BseYI,4
KpnI,GsaI,1
KpnI,AgeI,4
KpnI,XmaI,4
KpnI,MreI,4
KpnI,KroI,4
KpnI,BspEI,4
KpnI,FseI,1
KpnI,AclI,4
KpnI,HpySE526I,4
KpnI,BspDI,4
KpnI,AciI,4
KpnI,HpaII,4
KpnI,Hin6I,4
KpnI,NarI,4
KpnI,TaqI,4
KpnI,BstBI,4
KpnI,HhaI,4
KpnI,MluI,4
KpnI,MauBI,4
KpnI,BssHII,4
KpnI,AscI,4
KpnI,SpeI,4
KpnI,AvrII,4
KpnI,NheI,4
KpnI,XbaI,4
KpnI,BspOI,1
KpnI,BglII,4
KpnI,BamHI,4
KpnI,BclI,4
KpnI,SacII,4
KpnI,SspDI,4
KpnI,BseX3I,4
KpnI,NotI,4
KpnI,PspOMI,4
KpnI,ApaI,1
KpnI,BsiWI,4
KpnI,Asp718I,4
KpnI,BsrGI,4
KpnI,KpnI,0
KpnI,PshBI,4
KpnI,NdeI,4
KpnI,BfaI,4
KpnI,Csp6I,4
KpnI,MseI,4
KpnI,BbvCI,4
KpnI,AbsI,4
KpnI,SgrDI,4
KpnI,XhoI,4
KpnI,SalI,4
KpnI,ApaLI,4
KpnI,EcoT22I,1
KpnI,SdaI,1
KpnI,PstI,1
KpnI,AflII,4
PshBI,EcoRI,4
PshBI,BauI,4
PshBI,TaiI,4
PshBI,AatII,4
PshBI,HindIII,4
PshBI,SacI,4
PshBI,PvuI,4
PshBI,BstKTI,4
PshBI,RgaI,4
PshBI,PacI,4
PshBI,PciI,4
PshBI,NcoI,4
PshBI,BspHI,4
PshBI,NlaIII,4
PshBI,SphI,4
PshBI,BseYI,4
PshBI,GsaI,4
PshBI,AgeI,4
PshBI,XmaI,4
PshBI,MreI,4
PshBI,KroI,4
PshBI,BspEI,4
PshBI,FseI,4
PshBI,AclI,1
PshBI,HpySE526I,1
PshBI,BspDI,1
PshBI,AciI,1
PshBI,HpaII,1
PshBI,Hin6I,1
PshBI,NarI,1
PshBI,TaqI,1
PshBI,BstBI,1
PshBI,HhaI,4
PshBI,MluI,4
PshBI,MauBI,4
PshBI,BssHII,4
PshBI,AscI,4
PshBI,SpeI,4
PshBI,AvrII,4
PshBI,NheI,4
PshBI,XbaI,4
PshBI,BspOI,4
PshBI,BglII,4
PshBI,BamHI,4
PshBI,BclI,4
PshBI,SacII,4
PshBI,SspDI,4
PshBI,BseX3I,4
PshBI,NotI,4
PshBI,PspOMI,4
PshBI,ApaI,4
PshBI,BsiWI,4
PshBI,Asp718I,4
PshBI,BsrGI,4
PshBI,KpnI,4
PshBI,PshBI,0
PshBI,NdeI,0
PshBI,BfaI,0
PshBI,Csp6I,0
PshBI,MseI,0
PshBI,BbvCI,4
PshBI,AbsI,4
PshBI,SgrDI,4
PshBI,XhoI,4
PshBI,SalI,4
PshBI,ApaLI,4
PshBI,EcoT22I,4
PshBI,SdaI,4
PshBI,PstI,4
PshBI,AflII,4
NdeI,EcoRI,4
NdeI,BauI,4
NdeI,TaiI,4
NdeI,AatII,4
NdeI,HindIII,4
NdeI,SacI,4
NdeI,PvuI,4
NdeI,BstKTI,4
NdeI,RgaI,4
NdeI,PacI,4
NdeI,PciI,4
NdeI,NcoI,4
NdeI,BspHI,4
NdeI,NlaIII,4
NdeI,SphI,4
NdeI,BseYI,4
NdeI,GsaI,4
NdeI,AgeI,4
NdeI,XmaI,4
NdeI,MreI,4
NdeI,KroI,4
NdeI,BspEI,4
NdeI,FseI,4
NdeI,AclI,1
NdeI,HpySE526I,1
NdeI,BspDI,1
NdeI,AciI,1
NdeI,HpaII,1
NdeI,Hin6I,1
NdeI,NarI,1
NdeI,TaqI,1
NdeI,BstBI,1
NdeI,HhaI,4
NdeI,MluI,4
NdeI,MauBI,4
NdeI,BssHII,4
NdeI,AscI,4
NdeI,SpeI,4
NdeI,AvrII,4
NdeI,NheI,4
NdeI,XbaI,4
NdeI,BspOI,4
NdeI,BglII,4
NdeI,BamHI,4
NdeI,BclI,4
NdeI,SacII,4
NdeI,SspDI,4
NdeI,BseX3I,4
NdeI,NotI,4
NdeI,PspOMI,4
NdeI,ApaI,4
NdeI,BsiWI,4
NdeI,Asp718I,4
NdeI,BsrGI,4
NdeI,KpnI,4
NdeI,PshBI,0
NdeI,NdeI,0
NdeI,BfaI,0
NdeI,Csp6I,0
NdeI,MseI,0
NdeI,BbvCI,4
NdeI,AbsI,4
NdeI,SgrDI,4
NdeI,XhoI,4
NdeI,SalI,4
NdeI,ApaLI,4
NdeI,EcoT22I,4
NdeI,SdaI,4
NdeI,PstI,4
NdeI,AflII,4
BfaI,EcoRI,4
BfaI,BauI,4
BfaI,TaiI,4
BfaI,AatII,4
BfaI,HindIII,4
BfaI,SacI,4
BfaI,PvuI,4
BfaI,BstKTI,4
BfaI,RgaI,4
BfaI,PacI,4
BfaI,PciI,4
BfaI,NcoI,4
BfaI,BspHI,4
BfaI,NlaIII,4
BfaI,SphI,4
BfaI,BseYI,4
BfaI,GsaI,4
BfaI,AgeI,4
BfaI,XmaI,4
BfaI,MreI,4
BfaI,KroI,4
BfaI,BspEI,4
BfaI,FseI,4
BfaI,AclI,1
BfaI,HpySE526I,1
BfaI,BspDI,1
BfaI,AciI,1
BfaI,HpaII,1
BfaI,Hin6I,1
BfaI,NarI,1
BfaI,TaqI,1
BfaI,BstBI,1
BfaI,HhaI,4
BfaI,MluI,4
BfaI,MauBI,4
BfaI,BssHII,4
BfaI,AscI,4
BfaI,SpeI,4
BfaI,AvrII,4
BfaI,NheI,4
BfaI,XbaI,4
BfaI,BspOI,4
BfaI,BglII,4
BfaI,BamHI,4
BfaI,BclI,4
BfaI,SacII,4
BfaI,SspDI,4
BfaI,BseX3I,4
BfaI,NotI,4
BfaI,PspOMI,4
BfaI,ApaI,4
BfaI,BsiWI,4
BfaI,Asp718I,4
BfaI,BsrGI,4
BfaI,KpnI,4
BfaI,PshBI,0
BfaI,NdeI,0
BfaI,BfaI,0
BfaI,Csp6I,0
BfaI,MseI,0
BfaI,BbvCI,4
BfaI,AbsI,4
BfaI,SgrDI,4
BfaI,XhoI,4
BfaI,SalI,4
BfaI,ApaLI,4
BfaI,EcoT22I,4
BfaI,SdaI,4
BfaI,PstI,4
BfaI,AflII,4
Csp6I,EcoRI,4
Csp6I,BauI,4
Csp6I,TaiI,4
Csp6I,AatII,4
Csp6I,HindIII,4
Csp6I,SacI,4
Csp6I,PvuI,4
Csp6I,BstKTI,4
Csp6I,RgaI,4
Csp6I,PacI,4
Csp6I,PciI,4
Csp6I,NcoI,4
Csp6I,BspHI,4
Csp6I,NlaIII,4
Csp6I,SphI,4
Csp6I,BseYI,4
Csp6I,GsaI,4
Csp6I,AgeI,4
Csp6I,XmaI,4
Csp6I,MreI,4
Csp6I,KroI,4
Csp6I,BspEI,4
Csp6I,FseI,4
Csp6I,AclI,1
Csp6I,HpySE526I,1
Csp6I,BspDI,1
Csp6I,AciI,1
Csp6I,HpaII,1
Csp6I,Hin6I,1
Csp6I,NarI,1
Csp6I,TaqI,1
Csp6I,BstBI,1
Csp6I,HhaI,4
Csp6I,MluI,4
Csp6I,MauBI,4
Csp6I,BssHII,4
Csp6I,AscI,4
Csp6I,SpeI,4
Csp6I,AvrII,4
Csp6I,NheI,4
Csp6I,XbaI,4
Csp6I,BspOI,4
Csp6I,BglII,4
Csp6I,BamHI,4
Csp6I,BclI,4
Csp6I,SacII,4
Csp6I,SspDI,4
Csp6I,BseX3I,4
Csp6I,NotI,4
Csp6I,PspOMI,4
Csp6I,ApaI,4
Csp6I,BsiWI,4
Csp6I,Asp718I,4
Csp6I,BsrGI,4
Csp6I,KpnI,4
Csp6I,PshBI,0
Csp6I,NdeI,0
Csp6I,BfaI,0
Csp6I,Csp6I,0
Csp6I,MseI,0
Csp6I,BbvCI,4
Csp6I,AbsI,4
Csp6I,SgrDI,4
Csp6I,XhoI,4
Csp6I,SalI,4
Csp6I,ApaLI,4
Csp6I,EcoT22I,4
Csp6I,SdaI,4
Csp6I,PstI,4
Csp6I,AflII,4
MseI,EcoRI,4
MseI,BauI,4
MseI,TaiI,4
MseI,AatII,4
MseI,HindIII,4
MseI,SacI,4
MseI,PvuI,4
MseI,BstKTI,4
MseI,RgaI,4
MseI,PacI,4
MseI,PciI,4
MseI,NcoI,4
MseI,BspHI,4
MseI,NlaIII,4
MseI,SphI,4
MseI,BseYI,4
MseI,GsaI,4
MseI,AgeI,4
MseI,XmaI,4
MseI,MreI,4
MseI,KroI,4
MseI,BspEI,4
MseI,FseI,4
MseI,AclI,1
MseI,HpySE526I,1
MseI,BspDI,1
MseI,AciI,1
MseI,HpaII,1
MseI,Hin6I,1
MseI,NarI,1
MseI,TaqI,1
MseI,BstBI,1
MseI,HhaI,4
MseI,MluI,4
MseI,MauBI,4
MseI,BssHII,4
MseI,AscI,4
MseI,SpeI,4
MseI,AvrII,4
MseI,NheI,4
MseI,XbaI,4
MseI,BspOI,4
MseI,BglII,4
MseI,BamHI,4
MseI,BclI,4
MseI,SacII,4
MseI,SspDI,4
MseI,BseX3I,4
MseI,NotI,4
MseI,PspOMI,4
MseI,ApaI,4
MseI,BsiWI,4
MseI,Asp718I,4
MseI,BsrGI,4
MseI,KpnI,4
MseI,PshBI,0
MseI,NdeI,0
MseI,BfaI,0
MseI,Csp6I,0
MseI,MseI,0
MseI,BbvCI,4
MseI,AbsI,4
MseI,SgrDI,4
MseI,XhoI,4
MseI,SalI,4
MseI,ApaLI,4
MseI,EcoT22I,4
MseI,SdaI,4
MseI,PstI,4
MseI,AflII,4
BbvCI,EcoRI,4
BbvCI,BauI,4
BbvCI,TaiI,4
BbvCI,AatII,4
BbvCI,HindIII,4
BbvCI,SacI,4
BbvCI,PvuI,4
BbvCI,BstKTI,4
BbvCI,RgaI,4
BbvCI,PacI,4
BbvCI,PciI,4
BbvCI,NcoI,4
BbvCI,BspHI,4
BbvCI,NlaIII,4
BbvCI,SphI,4
BbvCI,BseYI,4
BbvCI,GsaI,4
BbvCI,AgeI,4
BbvCI,XmaI,4
BbvCI,MreI,4
BbvCI,KroI,4
BbvCI,BspEI,4
BbvCI,FseI,4
BbvCI,AclI,4
BbvCI,HpySE526I,4
BbvCI,BspDI,4
BbvCI,AciI,4
BbvCI,HpaII,4
BbvCI,Hin6I,4
BbvCI,NarI,4
BbvCI,TaqI,4
BbvCI,BstBI,4
BbvCI,HhaI,4
BbvCI,MluI,4
BbvCI,MauBI,4
BbvCI,BssHII,4
BbvCI,AscI,4
BbvCI,SpeI,4
BbvCI,AvrII,4
BbvCI,NheI,4
BbvCI,XbaI,4
BbvCI,BspOI,4
BbvCI,BglII,4
BbvCI,BamHI,4
BbvCI,BclI,4
BbvCI,SacII,4
BbvCI,SspDI,4
BbvCI,BseX3I,4
BbvCI,NotI,4
BbvCI,PspOMI,4
BbvCI,ApaI,4
BbvCI,BsiWI,4
BbvCI,Asp718I,4
BbvCI,BsrGI,4
BbvCI,KpnI,4
BbvCI,PshBI,4
BbvCI,NdeI,4
BbvCI,BfaI,4
BbvCI,Csp6I,4
BbvCI,MseI,4
BbvCI,BbvCI,0
BbvCI,AbsI,4
BbvCI,SgrDI,4
BbvCI,XhoI,4
BbvCI,SalI,4
BbvCI,ApaLI,4
BbvCI,EcoT22I,4
BbvCI,SdaI,4
BbvCI,PstI,4
BbvCI,AflII,4
AbsI,EcoRI,1
AbsI,BauI,1
AbsI,TaiI,4
AbsI,AatII,4
AbsI,HindIII,1
AbsI,SacI,4
AbsI,PvuI,4
AbsI,BstKTI,4
AbsI,RgaI,4
AbsI,PacI,4
AbsI,PciI,1
AbsI,NcoI,1
AbsI,BspHI,1
AbsI,NlaIII,4
AbsI,SphI,4
AbsI,BseYI,1
AbsI,GsaI,4
AbsI,AgeI,1
AbsI,XmaI,1
AbsI,MreI,1
AbsI,KroI,1
AbsI,BspEI,1
AbsI,FseI,4
AbsI,AclI,4
AbsI,HpySE526I,4
AbsI,BspDI,4
AbsI,AciI,4
AbsI,HpaII,4
AbsI,Hin6I,4
AbsI,NarI,4
AbsI,TaqI,4
AbsI,BstBI,4
AbsI,HhaI,4
AbsI,MluI,1
AbsI,MauBI,1
AbsI,BssHII,1
AbsI,AscI,1
AbsI,SpeI,1
AbsI,AvrII,1
AbsI,NheI,1
AbsI,XbaI,1
AbsI,BspOI,4
AbsI,BglII,1
AbsI,BamHI,1
AbsI,BclI,1
AbsI,SacII,4
AbsI,SspDI,1
AbsI,BseX3I,1
AbsI,NotI,1
AbsI,PspOMI,1
AbsI,ApaI,4
AbsI,BsiWI,1
AbsI,Asp718I,1
AbsI,BsrGI,1
AbsI,KpnI,4
AbsI,PshBI,4
AbsI,NdeI,4
AbsI,BfaI,4
AbsI,Csp6I,4
AbsI,MseI,4
AbsI,BbvCI,4
AbsI,AbsI,0
AbsI,SgrDI,0
AbsI,XhoI,0
AbsI,SalI,0
AbsI,ApaLI,1
AbsI,EcoT22I,4
AbsI,SdaI,4
AbsI,PstI,4
AbsI,AflII,1
SgrDI,EcoRI,1
SgrDI,BauI,1
SgrDI,TaiI,4
SgrDI,AatII,4
SgrDI,HindIII,1
SgrDI,SacI,4
SgrDI,PvuI,4
SgrDI,BstKTI,4
SgrDI,RgaI,4
SgrDI,PacI,4
SgrDI,PciI,1
SgrDI,NcoI,1
SgrDI,BspHI,1
SgrDI,NlaIII,4
SgrDI,SphI,4
SgrDI,BseYI,1
SgrDI,GsaI,4
SgrDI,AgeI,1
SgrDI,XmaI,1
SgrDI,MreI,1
SgrDI,KroI,1
SgrDI,BspEI,1
SgrDI,FseI,4
SgrDI,AclI,4
SgrDI,HpySE526I,4
SgrDI,BspDI,4
SgrDI,AciI,4
SgrDI,HpaII,4
SgrDI,Hin6I,4
SgrDI,NarI,4
SgrDI,TaqI,4
SgrDI,BstBI,4
SgrDI,HhaI,4
SgrDI,MluI,1
SgrDI,MauBI,1
SgrDI,BssHII,1
SgrDI,AscI,1
SgrDI,SpeI,1
SgrDI,AvrII,1
SgrDI,NheI,1
SgrDI,XbaI,1
SgrDI,BspOI,4
SgrDI,BglII,1
SgrDI,BamHI,1
SgrDI,BclI,1
SgrDI,SacII,4
SgrDI,SspDI,1
SgrDI,BseX3I,1
SgrDI,NotI,1
SgrDI,PspOMI,1
SgrDI,ApaI,4
SgrDI,BsiWI,1
SgrDI,Asp718I,1
SgrDI,BsrGI,1
SgrDI,KpnI,4
SgrDI,PshBI,4
SgrDI,NdeI,4
SgrDI,BfaI,4
SgrDI,Csp6I,4
SgrDI,MseI,4
SgrDI,BbvCI,4
SgrDI,AbsI,0
SgrDI,SgrDI,0
SgrDI,XhoI,0
SgrDI,SalI,0
SgrDI,ApaLI,1
SgrDI,EcoT22I,4
SgrDI,SdaI,4
SgrDI,PstI,4
SgrDI,AflII,1
XhoI,EcoRI,1
XhoI,BauI,1
XhoI,TaiI,4
XhoI,AatII,4
XhoI,HindIII,1
XhoI,SacI,4
XhoI,PvuI,4
XhoI,BstKTI,4
XhoI,RgaI,4
XhoI,PacI,4
XhoI,PciI,1
XhoI,NcoI,1
XhoI,BspHI,1
XhoI,NlaIII,4
XhoI,SphI,4
XhoI,BseYI,1
XhoI,GsaI,4
XhoI,AgeI,1
XhoI,XmaI,1
XhoI,MreI,1
XhoI,KroI,1
XhoI,BspEI,1
XhoI,FseI,4
XhoI,AclI,4
XhoI,HpySE526I,4
XhoI,BspDI,4
XhoI,AciI,4
XhoI,HpaII,4
XhoI,Hin6I,4
XhoI,NarI,4
XhoI,TaqI,4
XhoI,BstBI,4
XhoI,HhaI,4
XhoI,MluI,1
XhoI,MauBI,1
XhoI,BssHII,1
XhoI,AscI,1
XhoI,SpeI,1
XhoI,AvrII,1
XhoI,NheI,1
XhoI,XbaI,1
XhoI,BspOI,4
XhoI,BglII,1
XhoI,BamHI,1
XhoI,BclI,1
XhoI,SacII,4
XhoI,SspDI,1
XhoI,BseX3I,1
XhoI,NotI,1
XhoI,PspOMI,1
XhoI,ApaI,4
XhoI,BsiWI,1
XhoI,Asp718I,1
XhoI,BsrGI,1
XhoI,KpnI,4
XhoI,PshBI,4
XhoI,NdeI,4
XhoI,BfaI,4
XhoI,Csp6I,4
XhoI,MseI,4
XhoI,BbvCI,4
XhoI,AbsI,0
XhoI,SgrDI,0
XhoI,XhoI,0
XhoI,SalI,0
XhoI,ApaLI,1
XhoI,EcoT22I,4
XhoI,SdaI,4
XhoI,PstI,4
XhoI,AflII,1
SalI,EcoRI,1
SalI,BauI,1
SalI,TaiI,4
SalI,AatII,4
SalI,HindIII,1
SalI,SacI,4
SalI,PvuI,4
SalI,BstKTI,4
SalI,RgaI,4
SalI,PacI,4
SalI,PciI,1
SalI,NcoI,1
SalI,BspHI,1
SalI,NlaIII,4
SalI,SphI,4
SalI,BseYI,1
SalI,GsaI,4
SalI,AgeI,1
SalI,XmaI,1
SalI,MreI,1
SalI,KroI,1
SalI,BspEI,1
SalI,FseI,4
SalI,AclI,4
SalI,HpySE526I,4
SalI,BspDI,4
SalI,AciI,4
SalI,HpaII,4
SalI,Hin6I,4
SalI,NarI,4
SalI,TaqI,4
SalI,BstBI,4
SalI,HhaI,4
SalI,MluI,1
SalI,MauBI,1
SalI,BssHII,1
SalI,AscI,1
SalI,SpeI,1
SalI,AvrII,1
SalI,NheI,1
SalI,XbaI,1
SalI,BspOI,4
SalI,BglII,1
SalI,BamHI,1
SalI,BclI,1
SalI,SacII,4
SalI,SspDI,1
SalI,BseX3I,1
SalI,NotI,1
SalI,PspOMI,1
SalI,ApaI,4
SalI,BsiWI,1
SalI,Asp718I,1
SalI,BsrGI,1
SalI,KpnI,4
SalI,PshBI,4
SalI,NdeI,4
SalI,BfaI,4
SalI,Csp6I,4
SalI,MseI,4
SalI,BbvCI,4
SalI,AbsI,0
SalI,SgrDI,0
SalI,XhoI,0
SalI,SalI,0
SalI,ApaLI,1
SalI,EcoT22I,4
SalI,SdaI,4
SalI,PstI,4
SalI,AflII,1
ApaLI,EcoRI,1
ApaLI,BauI,1
ApaLI,TaiI,4
ApaLI,AatII,4
ApaLI,HindIII,1
ApaLI,SacI,4
ApaLI,PvuI,4
ApaLI,BstKTI,4
ApaLI,RgaI,4
ApaLI,PacI,4
ApaLI,PciI,1
ApaLI,NcoI,1
ApaLI,BspHI,1
ApaLI,NlaIII,4
ApaLI,SphI,4
ApaLI,BseYI,1
ApaLI,GsaI,4
ApaLI,AgeI,1
ApaLI,XmaI,1
ApaLI,MreI,1
ApaLI,KroI,1
ApaLI,BspEI,1
ApaLI,FseI,4
ApaLI,AclI,4
ApaLI,HpySE526I,4
ApaLI,BspDI,4
ApaLI,AciI,4
ApaLI,HpaII,4
ApaLI,Hin6I,4
ApaLI,NarI,4
ApaLI,TaqI,4
ApaLI,BstBI,4
ApaLI,HhaI,4
ApaLI,MluI,1
ApaLI,MauBI,1
ApaLI,BssHII,1
ApaLI,AscI,1
ApaLI,SpeI,1
ApaLI,AvrII,1
ApaLI,NheI,1
ApaLI,XbaI,1
ApaLI,BspOI,4
ApaLI,BglII,1
ApaLI,BamHI,1
ApaLI,BclI,1
ApaLI,SacII,4
ApaLI,SspDI,1
ApaLI,BseX3I,1
ApaLI,NotI,1
ApaLI,PspOMI,1
ApaLI,ApaI,4
ApaLI,BsiWI,1
ApaLI,Asp718I,1
ApaLI,BsrGI,1
ApaLI,KpnI,4
ApaLI,PshBI,4
ApaLI,NdeI,4
ApaLI,BfaI,4
ApaLI,Csp6I,4
ApaLI,MseI,4
ApaLI,BbvCI,4
ApaLI,AbsI,1
ApaLI,SgrDI,1
ApaLI,XhoI,1
ApaLI,SalI,1
ApaLI,ApaLI,0
ApaLI,EcoT22I,4
ApaLI,SdaI,4
ApaLI,PstI,4
ApaLI,AflII,1
EcoT22I,EcoRI,4
EcoT22I,BauI,4
EcoT22I,TaiI,1
EcoT22I,AatII,1
EcoT22I,HindIII,4
EcoT22I,SacI,1
EcoT22I,PvuI,4
EcoT22I,BstKTI,4
EcoT22I,RgaI,4
EcoT22I,PacI,4
EcoT22I,PciI,4
EcoT22I,NcoI,4
EcoT22I,BspHI,4
EcoT22I,NlaIII,1
EcoT22I,SphI,1
EcoT22I,BseYI,4
EcoT22I,GsaI,1
EcoT22I,AgeI,4
EcoT22I,XmaI,4
EcoT22I,MreI,4
EcoT22I,KroI,4
EcoT22I,BspEI,4
EcoT22I,FseI,1
EcoT22I,AclI,4
EcoT22I,HpySE526I,4
EcoT22I,BspDI,4
EcoT22I,AciI,4
EcoT22I,HpaII,4
EcoT22I,Hin6I,4
EcoT22I,NarI,4
EcoT22I,TaqI,4
EcoT22I,BstBI,4
EcoT22I,HhaI,4
EcoT22I,MluI,4
EcoT22I,MauBI,4
EcoT22I,BssHII,4
EcoT22I,AscI,4
EcoT22I,SpeI,4
EcoT22I,AvrII,4
EcoT22I,NheI,4
EcoT22I,XbaI,4
EcoT22I,BspOI,1
EcoT22I,BglII,4
EcoT22I,BamHI,4
EcoT22I,BclI,4
EcoT22I,SacII,4
EcoT22I,SspDI,4
EcoT22I,BseX3I,4
EcoT22I,NotI,4
EcoT22I,PspOMI,4
EcoT22I,ApaI,1
EcoT22I,BsiWI,4
EcoT22I,Asp718I,4
EcoT22I,BsrGI,4
EcoT22I,KpnI,1
EcoT22I,PshBI,4
EcoT22I,NdeI,4
EcoT22I,BfaI,4
EcoT22I,Csp6I,4
EcoT22I,MseI,4
EcoT22I,BbvCI,4
EcoT22I,AbsI,4
EcoT22I,SgrDI,4
EcoT22I,XhoI,4
EcoT22I,SalI,4
EcoT22I,ApaLI,4
EcoT22I,EcoT22I,0
EcoT22I,SdaI,0
EcoT22I,PstI,0
EcoT22I,AflII,4
SdaI,EcoRI,4
SdaI,BauI,4
SdaI,TaiI,1
SdaI,AatII,1
SdaI,HindIII,4
SdaI,SacI,1
SdaI,PvuI,4
SdaI,BstKTI,4
SdaI,RgaI,4
SdaI,PacI,4
SdaI,PciI,4
SdaI,NcoI,4
SdaI,BspHI,4
SdaI,NlaIII,1
SdaI,SphI,1
SdaI,BseYI,4
SdaI,GsaI,1
SdaI,AgeI,4
SdaI,XmaI,4
SdaI,MreI,4
SdaI,KroI,4
SdaI,BspEI,4
SdaI,FseI,1
SdaI,AclI,4
SdaI,HpySE526I,4
SdaI,BspDI,4
SdaI,AciI,4
SdaI,HpaII,4
SdaI,Hin6I,4
SdaI,NarI,4
SdaI,TaqI,4
SdaI,BstBI,4
SdaI,HhaI,4
SdaI,MluI,4
SdaI,MauBI,4
SdaI,BssHII,4
SdaI,AscI,4
SdaI,SpeI,4
SdaI,AvrII,4
SdaI,NheI,4
SdaI,XbaI,4
SdaI,BspOI,1
SdaI,BglII,4
SdaI,BamHI,4
SdaI,BclI,4
SdaI,SacII,4
SdaI,SspDI,4
SdaI,BseX3I,4
SdaI,NotI,4
SdaI,PspOMI,4
SdaI,ApaI,1
SdaI,BsiWI,4
SdaI,Asp718I,4
SdaI,BsrGI,4
SdaI,KpnI,1
SdaI,PshBI,4
SdaI,NdeI,4
SdaI,BfaI,4
SdaI,Csp6I,4
SdaI,MseI,4
SdaI,BbvCI,4
SdaI,AbsI,4
SdaI,SgrDI,4
SdaI,XhoI,4
SdaI,SalI,4
SdaI,ApaLI,4
SdaI,EcoT22I,0
SdaI,SdaI,0
SdaI,PstI,0
SdaI,AflII,4
PstI,EcoRI,4
PstI,BauI,4
PstI,TaiI,1
PstI,AatII,1
PstI,HindIII,4
PstI,SacI,1
PstI,PvuI,4
PstI,BstKTI,4
PstI,RgaI,4
PstI,PacI,4
PstI,PciI,4
PstI,NcoI,4
PstI,BspHI,4
PstI,NlaIII,1
PstI,SphI,1
PstI,BseYI,4
PstI,GsaI,1
PstI,AgeI,4
PstI,XmaI,4
PstI,MreI,4
PstI,KroI,4
PstI,BspEI,4
PstI,FseI,1
PstI,AclI,4
PstI,HpySE526I,4
PstI,BspDI,4
PstI,AciI,4
PstI,HpaII,4
PstI,Hin6I,4
PstI,NarI,4
PstI,TaqI,4
PstI,BstBI,4
PstI,HhaI,4
PstI,MluI,4
PstI,MauBI,4
PstI,BssHII,4
PstI,AscI,4
PstI,SpeI,4
PstI,AvrII,4
PstI,NheI,4
PstI,XbaI,4
PstI,BspOI,1
PstI,BglII,4
PstI,BamHI,4
PstI,BclI,4
PstI,SacII,4
PstI,SspDI,4
PstI,BseX3I,4
PstI,NotI,4
PstI,PspOMI,4
PstI,ApaI,1
PstI,BsiWI,4
PstI,Asp718I,4
PstI,BsrGI,4
PstI,KpnI,1
PstI,PshBI,4
PstI,NdeI,4
PstI,BfaI,4
PstI,Csp6I,4
PstI,MseI,4
PstI,BbvCI,4
PstI,AbsI,4
PstI,SgrDI,4
PstI,XhoI,4
PstI,SalI,4
PstI,ApaLI,4
PstI,EcoT22I,0
PstI,SdaI,0
PstI,PstI,0
PstI,AflII,4
AflII,EcoRI,1
AflII,BauI,1
AflII,TaiI,4
AflII,AatII,4
AflII,HindIII,1
AflII,SacI,4
AflII,PvuI,4
AflII,BstKTI,4
AflII,RgaI,4
AflII,PacI,4
AflII,PciI,1
AflII,NcoI,1
AflII,BspHI,1
AflII,NlaIII,4
AflII,SphI,4
AflII,BseYI,1
AflII,GsaI,4
AflII,AgeI,1
AflII,XmaI,1
AflII,MreI,1
AflII,KroI,1
AflII,BspEI,1
AflII,FseI,4
AflII,AclI,4
AflII,HpySE526I,4
AflII,BspDI,4
AflII,AciI,4
AflII,HpaII,4
AflII,Hin6I,4
AflII,NarI,4
AflII,TaqI,4
AflII,BstBI,4
AflII,HhaI,4
AflII,MluI,1
AflII,MauBI,1
AflII,BssHII,1
AflII,AscI,1
AflII,SpeI,1
AflII,AvrII,1
AflII,NheI,1
AflII,XbaI,1
AflII,BspOI,4
AflII,BglII,1
AflII,BamHI,1
AflII,BclI,1
AflII,SacII,4
AflII,SspDI,1
AflII,BseX3I,1
AflII,NotI,1
AflII,PspOMI,1
AflII,ApaI,4
AflII,BsiWI,1
AflII,Asp718I,1
AflII,BsrGI,1
AflII,KpnI,4
AflII,PshBI,4
AflII,NdeI,4
AflII,BfaI,4
AflII,Csp6I,4
AflII,MseI,4
AflII,BbvCI,4
AflII,AbsI,1
AflII,SgrDI,1
AflII,XhoI,1
AflII,SalI,1
AflII,ApaLI,1
AflII,EcoT22I,4
AflII,SdaI,4
AflII,PstI,4
AflII,AflII,0
