,pGEX-4T-1,pMAL-c5X,pET-21a(+),pET-28a(+),pET-28a(+)_start_codon,pCold_I,pUC18,pQE-3
EarI,False,False,False,False,False,False,False,False
Bst4CI,False,False,False,False,False,False,False,False
HpyF10VI,False,False,False,False,False,False,False,False
CaiI,False,False,False,False,False,False,False,False
Eam1105I,False,False,False,True,True,False,False,False
PkrI,False,False,False,False,False,False,False,False
TaaI,False,False,False,False,False,False,False,False
FnuDII,False,False,False,False,False,False,False,False
AspSLV7III,False,False,False,False,False,False,False,False
Hpy188III,False,False,False,False,False,False,False,False
Awo1030IV,False,False,False,False,False,False,False,False
AloI,True,False,False,False,False,False,True,True
HaeIII,False,False,False,False,False,False,False,False
Hpy8I,False,False,False,False,False,False,False,False
BlpI,True,False,False,False,False,True,True,False
BstNI,False,False,False,False,False,False,False,False
Acc65V,False,False,False,False,False,False,True,True
BbuB31I,False,False,False,False,False,False,False,False
PenI,False,False,False,False,False,False,False,False
XhoII,False,False,False,False,False,False,False,False
BpiI,False,False,False,False,False,False,True,False
BstSNI,True,True,True,True,True,True,True,True
MssI,True,True,True,True,True,True,True,True
Eco105I,True,True,True,True,True,True,True,True
RruI,True,True,True,False,False,True,True,True
MalI,False,False,False,False,False,False,False,False
PceI,True,True,True,True,True,True,True,True
EgeI,False,False,False,False,False,False,False,True
SrfI,True,True,True,True,True,True,True,True
MroXI,False,False,False,False,False,False,False,False
ApaLI,False,False,False,False,False,False,False,False
BamHI,True,True,True,True,True,True,True,True
AsiSI,True,True,True,False,False,True,True,True
Pst145I,True,True,False,False,False,False,True,True
PfrJS15III,False,False,False,False,False,False,True,True
SmlI,False,False,False,False,False,False,False,False
BfaI,False,False,False,False,False,False,False,False
BsePI,False,False,False,False,False,False,True,True
BsiSI,False,False,False,False,False,False,False,False
Bsp120I,False,False,False,False,False,False,True,True
EcoNI,False,True,False,False,False,False,True,True
Fsp4HI,False,False,False,False,False,False,False,False
PpuMI,True,False,False,False,False,True,True,True
Sau96I,False,False,False,False,False,False,False,False
TseI,False,False,False,False,False,False,False,False
AccIII,True,False,False,False,False,True,True,False
Alw44I,False,False,False,False,False,False,False,False
Asp718I,True,True,True,True,True,True,True,True
Bpu14I,False,True,True,True,True,True,True,True
AlwNI,False,False,False,False,False,False,False,False
BseLI,False,False,False,False,False,False,False,False
Aco12261II,False,False,False,False,False,False,False,False
McaTI,False,False,False,False,False,False,True,True
VchE4II,False,False,False,False,False,False,False,False
SapI,False,False,False,False,False,True,False,False
BssHII,False,False,False,False,False,False,True,True
BseCI,True,True,True,False,False,False,True,True
SciI,True,True,True,True,True,True,True,False
Sse8647I,True,True,True,True,True,True,True,True
NlaIV,False,False,False,False,False,False,False,False
BspLI,False,False,False,False,False,False,False,False
BsnI,False,False,False,False,False,False,False,False
Csp6I,False,False,False,False,False,False,False,False
FauNDI,True,True,True,False,True,True,False,False
Hin6I,False,False,False,False,False,False,False,False
AhdI,False,False,False,True,True,False,False,False
BfaSII,False,False,False,False,False,False,False,False
Ecl136II,True,False,True,True,True,True,True,True
HauII,False,False,True,True,True,True,True,False
LweI,False,False,False,False,False,False,False,False
HapII,False,False,False,False,False,False,False,False
AcvI,True,True,True,True,True,True,True,True
ClaI,True,True,True,False,False,False,True,True
EaeI,False,False,False,False,False,False,False,False
BglI,False,False,False,False,False,False,False,False
BmgI,False,False,False,False,False,False,True,False
UbaF13I,True,True,False,False,False,True,True,False
HgiJII,False,False,False,False,False,False,True,True
BsaBI,True,False,False,False,False,True,True,True
BssNI,False,False,False,False,False,False,False,False
BsuTUI,True,True,True,False,False,False,True,True
NlaIII,False,False,False,False,False,False,False,False
BsaWI,False,False,False,False,False,False,False,False
BbrPI,True,True,True,True,True,True,True,True
BstBI,False,True,True,True,True,True,True,True
SacI,True,False,True,True,True,True,True,True
DriI,False,False,False,True,True,False,False,False
RpaI,True,True,False,False,False,False,True,True
PacIII,False,False,False,False,False,False,False,False
SpoDI,False,False,False,False,False,True,False,False
SgrAI,True,True,False,False,False,True,True,True
Eco57I,False,False,False,False,False,False,False,False
MluI,False,False,False,False,False,False,True,True
NcoI,True,True,True,False,True,True,True,False
VspI,False,False,False,False,False,False,False,False
NotI,True,True,True,True,True,True,True,True
BstDEI,False,False,False,False,False,False,False,False
BstPI,False,False,False,False,False,False,True,True
PspXI,True,True,True,True,True,True,True,True
BceSIV,False,False,False,False,False,False,False,False
SdeAI,False,False,False,False,False,False,False,False
PspOMI,False,False,False,False,False,False,True,True
AarI,True,True,True,True,True,True,True,True
HphI,False,False,False,False,False,False,False,False
Kzo9I,False,False,False,False,False,False,False,False
MflI,False,False,False,False,False,False,False,False
MroI,True,False,False,False,False,True,True,False
NdeII,False,False,False,False,False,False,False,False
PauI,False,False,False,False,False,False,True,True
PscI,False,False,False,False,False,True,False,False
RsaNI,False,False,False,False,False,False,False,False
MaeIII,False,False,False,False,False,False,False,False
RsaI,False,False,False,False,False,False,False,False
AsuC2I,False,False,False,False,False,False,False,False
AfiI,False,False,False,False,False,False,False,False
CstMI,False,False,False,False,False,False,False,False
Bsp3004IV,False,False,False,False,False,False,False,False
Ble402II,False,False,False,False,False,False,False,False
EcoBLMcrX,False,False,False,False,False,False,False,False
DraIII,True,True,False,False,False,False,True,True
MwoI,False,False,False,False,False,False,False,False
Gba708II,False,True,False,False,False,False,True,True
HdeZA17I,False,False,False,False,False,False,False,False
BanI,False,False,False,False,False,False,False,False
Pdu1735I,False,False,False,False,False,False,False,False
CcrNAIII,False,False,False,False,False,False,True,True
Cbo67071IV,False,False,False,False,False,False,False,False
CfrMH16VI,False,False,False,False,False,False,False,False
PssI,False,False,False,False,False,False,False,False
AccB1I,False,False,False,False,False,False,False,False
SnaI,True,True,False,False,False,True,True,False
PlaDI,False,False,False,False,False,False,False,False
TssI,False,False,False,False,False,False,False,False
Esp3007I,False,False,False,False,False,False,False,False
CjeFIII,False,True,False,False,False,False,False,False
DrdII,False,False,False,False,False,False,True,True
Cla11845III,False,False,False,False,False,False,False,False
Sag901I,False,False,False,False,False,False,True,False
Eco4465II,False,False,False,False,False,False,False,False
CjuI,False,False,False,False,False,False,False,False
BssNAI,True,True,False,False,False,True,True,False
AcoI,False,False,False,False,False,False,False,False
ScoDS2II,False,False,False,False,False,False,False,False
SenTFIV,False,False,False,False,False,False,False,False
SmaI,True,True,True,False,False,True,True,True
XmnI,False,False,False,False,False,False,False,False
BaeGI,False,False,False,False,False,False,False,False
MkaDII,True,True,True,True,True,True,True,True
Eco57MI,False,False,False,False,False,False,False,False
Jma19592II,False,False,False,False,False,False,False,False
OspHL35III,False,False,False,False,False,False,False,False
Lmo911II,False,False,False,False,False,False,False,False
MspSC27II,False,False,False,False,False,False,True,True
Asp114pII,False,False,False,False,False,False,False,False
Bst1107I,True,True,False,False,False,True,True,False
Bme1390I,False,False,False,False,False,False,False,False
Bpu1102I,True,False,False,False,False,True,True,False
BseDI,False,False,False,False,False,False,False,False
BspT107I,False,False,False,False,False,False,False,False
PinP59III,False,False,False,False,False,False,False,False
EcoHSI,False,False,False,False,False,False,False,False
Rsp008V,False,False,False,False,False,False,True,False
Cje265V,False,False,False,False,False,False,False,False
AlfI,True,False,False,False,False,True,True,True
SseBI,True,True,True,True,True,True,True,True
AspBHI,False,False,False,False,False,False,False,False
YkrI,False,False,False,False,False,False,False,False
KflI,True,True,True,True,True,True,True,True
Eco130I,True,True,False,False,False,True,True,False
MteI,True,True,True,True,True,True,True,True
TseFI,False,False,False,False,False,False,False,False
AgsI,False,False,False,False,False,False,False,False
SchI,False,False,False,False,False,False,False,False
BsuRI,False,False,False,False,False,False,False,False
BspDI,True,True,True,False,False,False,True,True
BsrGI,True,True,True,True,True,True,True,True
BtgI,False,False,False,False,False,True,True,False
FriOI,False,False,False,False,False,False,True,True
PcaII,False,False,False,False,False,False,False,False
SthSt3II,False,False,False,False,False,False,False,False
Tth111II,False,False,False,False,False,False,False,False
SaqAI,False,False,False,False,False,False,False,False
AlwFI,False,False,False,False,False,False,False,False
PasI,True,True,True,True,True,True,True,False
UcoMSI,True,False,True,True,True,True,True,True
Bst2BI,False,False,False,False,False,False,False,False
Cfr42I,True,True,True,True,True,True,True,True
SspD5I,False,False,False,False,False,False,False,False
PspFI,False,False,False,False,False,False,False,False
BsmBI,False,False,False,False,False,False,False,False
PmeI,True,True,True,True,True,True,True,True
BstH2I,False,False,False,False,False,False,False,False
CfoI,False,False,False,False,False,False,False,False
Hsp92II,False,False,False,False,False,False,False,False
PacI,True,True,True,True,True,True,True,True
PvuI,False,False,False,False,False,False,False,False
SdaI,True,True,True,True,True,True,True,True
SgrBI,True,True,True,True,True,True,True,True
AanI,True,False,False,False,False,False,True,False
Hpy99XXII,False,False,False,False,False,False,False,False
HpyAXVI_mut2,False,False,False,False,False,False,False,False
NhaXI,False,False,False,False,False,False,False,False
ApaI,False,False,False,False,False,False,True,True
RdeGBII,False,False,False,False,False,False,False,False
BfoI,False,False,False,False,False,False,False,False
BspTNI,False,False,False,True,True,False,False,False
BtsI,False,False,False,False,False,False,False,False
BstV2I,False,False,False,False,False,False,True,False
PpsI,False,False,False,False,False,False,False,False
GsuI,False,False,False,False,False,False,False,False
BseNI,False,False,False,False,False,False,False,False
FaqI,False,False,False,False,False,False,True,True
LpnPI,False,False,False,False,False,False,False,False
BslFI,False,False,False,False,False,False,True,True
AspNIH4III,False,False,False,False,False,False,False,False
GluI,False,False,False,False,False,False,False,False
HpyCH4IV,False,False,False,False,False,False,False,False
AcsI,False,False,False,False,False,False,True,False
AjnI,False,False,False,False,False,False,False,False
AteTI,False,False,False,False,False,False,False,False
CalB3II,False,False,False,False,False,False,False,False
BspQI,False,False,False,False,False,True,False,False
BsrBI,False,False,False,False,False,False,False,False
Acc36I,False,False,True,True,True,True,True,True
MnlI,False,False,False,False,False,False,False,False
Msp20I,False,False,True,True,True,True,True,False
Hin4II,False,False,False,False,False,False,False,False
SmoI,False,False,False,False,False,False,False,False
BtgZI,False,False,False,False,False,False,True,False
FokI,False,False,False,False,False,False,False,False
BsaXI,False,False,False,False,False,False,False,True
BstSLI,False,False,False,False,False,False,False,False
PflMI,False,False,False,False,False,False,True,False
DseDI,False,False,False,False,False,False,False,False
SetI,False,False,False,False,False,False,False,False
BsiHKAI,False,False,False,False,False,False,False,False
HpyCH4III,False,False,False,False,False,False,False,False
Van91I,False,False,False,False,False,False,True,False
Psp0357II,False,False,True,True,True,True,False,False
PfrJS12V,False,False,False,False,False,False,False,False
SgrTI,False,False,False,False,False,False,False,False
FspI,False,False,False,False,False,False,False,False
HpaI,False,False,False,False,False,False,True,True
BcnI,False,False,False,False,False,False,False,False
BssECI,False,False,False,False,False,False,False,False
Bbr7017III,False,False,False,False,False,False,False,False
FinI,False,False,False,False,False,False,True,True
AquIV,False,False,False,False,False,True,False,False
StsI,False,False,False,False,False,False,False,False
CviKI_1,False,False,False,False,False,False,False,False
Eco72I,True,True,True,True,True,True,True,True
PspN4I,False,False,False,False,False,False,False,False
KspAI,False,False,False,False,False,False,True,True
OliI,True,True,True,True,True,True,True,True
Eco53kI,True,False,True,True,True,True,True,True
SmiMI,False,False,False,False,False,False,False,False
Mox20I,False,False,True,True,True,True,True,False
BstPAI,True,True,False,False,False,True,True,True
PmaCI,True,True,True,True,True,True,True,True
Eco47I,False,False,False,False,False,False,False,False
Van9116I,False,False,False,False,False,False,False,False
AseI,False,False,False,False,False,False,False,False
AxyI,False,False,True,True,True,True,True,True
Alw21I,False,False,False,False,False,False,False,False
SgsI,True,True,True,True,True,True,True,True
RsrII,True,False,True,True,True,True,True,True
BshVI,True,True,True,False,False,False,True,True
Fnu4HI,False,False,False,False,False,False,False,False
BcuI,True,True,True,True,True,True,True,True
SinI,False,False,False,False,False,False,False,False
Bsp119I,False,True,True,True,True,True,True,True
NciI,False,False,False,False,False,False,False,False
TfiI,False,False,False,False,False,False,False,False
DdeI,False,False,False,False,False,False,False,False
PinP23II,False,False,False,False,False,False,False,False
AsiGI,True,True,True,True,True,True,True,True
AbaSI,False,False,False,False,False,False,False,False
AsuNHI,True,True,True,False,True,False,True,False
BmeRI,False,False,False,True,True,False,False,False
BsrFI,False,False,False,False,False,False,False,False
PleI,False,False,False,False,False,False,False,False
BbsI,False,False,False,False,False,False,True,False
Bbr52II,False,False,False,False,False,False,False,False
Pfl8569I,False,False,False,False,False,False,False,False
SfeI,False,False,False,False,False,False,False,False
Eco52I,True,True,True,True,True,True,True,True
AflIII,False,False,False,False,False,False,False,False
NaeI,True,True,False,False,False,False,True,True
PshAI,True,True,False,False,False,True,True,True
BspFNI,False,False,False,False,False,False,False,False
Hin1I,False,False,False,False,False,False,False,False
CciNI,True,True,True,True,True,True,True,True
BshFI,False,False,False,False,False,False,False,False
Bce3081I,True,True,True,True,True,True,True,True
EcoNIH6II,False,False,False,False,False,False,False,False
SpnRII,False,False,False,False,False,False,True,False
BseYI,False,False,False,False,False,False,False,False
BceAI,False,False,False,False,False,False,False,False
DpnI,False,False,False,False,False,False,False,False
SimI,False,False,False,False,False,False,False,False
RpaB5I,True,True,False,False,False,True,True,True
FatI,False,False,False,False,False,False,False,False
DpnII,False,False,False,False,False,False,False,False
UbaF12I,False,True,False,False,False,False,False,False
HpyUM032XIII,False,False,False,False,False,False,False,False
Dde51507I,False,False,False,False,False,False,False,False
MabI,True,True,True,True,True,True,True,True
Adh6U21I,False,False,False,False,False,False,False,False
Alw26I,False,False,False,False,False,False,False,False
BstZI,True,True,True,True,True,True,True,True
KpnI,True,True,True,True,True,True,True,True
BsaHI,False,False,False,False,False,False,False,False
Asp700I,False,False,False,False,False,False,False,False
BssMI,False,False,False,False,False,False,False,False
PstI,False,True,False,True,True,True,True,True
BoxI,True,True,False,False,False,True,True,True
BstAUI,True,True,True,True,True,True,True,True
MaqI,True,False,False,False,False,True,True,True
Jsp2502II,False,False,False,False,False,False,False,False
Sau3AI,False,False,False,False,False,False,False,False
MlyI,False,False,False,False,False,False,False,False
MunI,True,False,True,True,True,True,True,False
TspMI,True,True,True,False,False,True,True,True
BssT1I,True,True,False,False,False,True,True,False
NheI,True,True,True,False,True,False,True,False
XmaI,True,True,True,False,False,True,True,True
MfeI,True,False,True,True,True,True,True,False
BstENI,False,True,False,False,False,False,True,True
Asp103I,True,False,False,False,False,True,True,True
NarI,False,False,False,False,False,False,False,True
PspLI,True,False,True,True,True,True,True,True
MauBI,True,True,True,True,True,True,True,True
VneI,False,False,False,False,False,False,False,False
PalAI,True,True,True,True,True,True,True,True
PteI,False,False,False,False,False,False,True,True
BmuI,False,False,False,False,False,False,False,False
AleI,True,True,True,True,True,True,True,True
MreI,True,True,True,True,True,True,True,True
PinAI,True,True,True,True,True,True,True,True
Psp03I,False,False,False,False,False,False,False,False
PvuII,False,False,False,False,False,False,False,False
Bsp460III,False,False,False,False,False,False,False,False
CjeNIII,False,False,False,False,False,False,False,False
NmeA6CIII,False,False,False,False,False,True,True,False
BstXI,False,False,False,False,False,False,True,True
Hpy188I,False,False,False,False,False,False,False,False
XcmI,False,False,False,False,False,False,True,True
GauT27I,True,True,True,True,True,True,True,True
HdeNY26I,False,False,False,False,False,False,False,True
Xca85IV,False,False,False,False,False,False,False,True
AfaI,False,False,False,False,False,False,False,False
AvaII,False,False,False,False,False,False,False,False
FseI,True,True,True,True,True,True,True,True
Cco14983VI,False,False,False,False,False,False,False,False
Cgl13032II,False,False,False,False,False,False,False,False
CfrMH13II,False,False,False,False,False,False,False,False
Cba16038I,False,False,False,False,False,False,False,False
BanLI,False,False,False,False,False,False,False,False
SauI,False,False,True,True,True,True,True,True
MluNI,False,False,True,True,True,True,True,False
AspJHL3II,False,False,False,False,False,False,True,True
RflFIII,False,False,False,False,False,False,False,False
EsaSSI,False,False,False,False,False,False,False,False
Csp2014I,False,False,False,False,False,False,False,False
Cje54107III,False,False,False,False,False,False,False,False
CjeNV,False,False,False,False,False,False,False,False
Ecl35734I,False,False,False,False,False,True,True,False
Saf8902III,False,False,False,False,False,False,True,True
AbaUMB2I,False,False,False,False,False,False,False,False
Lra68I,True,False,False,False,False,False,True,True
Bce83I,False,False,False,False,False,False,False,False
Cfr10I,False,False,False,False,False,False,False,False
CchIII,True,True,False,False,False,True,True,True
Sbo46I,False,False,False,False,False,False,False,False
SenSARA26III,False,False,False,False,False,False,False,False
BsiI,False,False,False,False,False,False,False,False
SfoI,False,False,False,False,False,False,False,True
SwaI,False,True,True,True,True,True,True,True
BmtI,True,True,True,False,True,False,True,False
BslI,False,False,False,False,False,False,False,False
LsaDS4I,False,False,True,False,False,True,False,True
Mcr10I,True,True,True,True,True,True,True,True
Jma19592I,False,False,False,False,False,False,False,False
OgrI,False,False,False,False,False,False,False,False
Lmo370I,True,False,True,True,True,True,True,True
MspI7IV,False,False,False,True,True,False,False,False
Pba2294I,False,False,False,False,False,False,False,False
Sth20745III,False,True,True,True,True,True,True,True
BmrFI,False,False,False,False,False,False,False,False
BseBI,False,False,False,False,False,False,False,False
BaeI,False,True,True,True,True,True,True,True
AcyI,False,False,False,False,False,False,False,False
Bme18I,False,False,False,False,False,False,False,False
Bsp1720I,True,False,False,False,False,True,True,False
Rsp008IV,False,False,False,False,False,False,False,False
RspPBTS2III,True,True,True,True,True,True,True,True
TsoI,False,False,False,False,False,False,False,False
AclWI,False,False,False,False,False,False,False,False
BstC8I,False,False,False,False,False,False,False,False
EheI,False,False,False,False,False,False,False,True
AquII,False,False,False,False,False,True,False,True
TspEI,False,False,False,False,False,False,False,False
NmuCI,False,False,False,False,False,False,False,False
CspI,True,False,True,True,True,True,True,True
BseJI,True,False,False,False,False,True,True,True
AspLEI,False,False,False,False,False,False,False,False
XmiI,True,True,False,False,False,True,True,False
Bsp1407I,True,True,True,True,True,True,True,True
Eco91I,False,False,False,False,False,False,True,True
PsrI,True,True,True,True,True,True,True,True
Bst2UI,False,False,False,False,False,False,False,False
Psp6I,False,False,False,False,False,False,False,False
Rsr2I,True,False,True,True,True,True,True,True
Asi256I,False,False,False,False,False,False,False,False
KpnNH25III,False,False,False,False,False,False,False,False
HgiCI,False,False,False,False,False,False,False,False
BfiI,False,False,False,False,False,False,False,False
SelI,False,False,False,False,False,False,False,False
MbiI,False,False,False,False,False,False,False,False
NgoAVIII,False,False,False,False,False,False,False,False
Nbr128II,True,False,True,True,True,True,True,False
SanDI,True,True,True,True,True,True,True,True
BsaI,False,False,False,True,True,False,False,False
BciT130I,False,False,False,False,False,False,False,False
RceI,False,False,False,False,False,False,True,True
RgaI,True,True,True,False,False,True,True,True
ApyPI,False,False,False,False,False,False,False,False
NsiI,True,True,True,False,False,True,True,True
SgfI,True,True,True,False,False,True,True,True
BpmI,False,False,False,False,False,False,False,False
BstNSI,False,False,False,False,False,False,False,False
BsmAI,False,False,False,False,False,False,False,False
Psp124BI,True,False,True,True,True,True,True,True
SstI,True,False,True,True,True,True,True,True
Hin1II,False,False,False,False,False,False,False,False
SbfI,True,True,True,True,True,True,True,True
FblI,True,True,False,False,False,True,True,False
Asu14238IV,False,False,False,False,False,False,False,False
Hpy99XIV_mut1,False,False,False,False,False,False,False,False
HpyAXVI_mut1,False,False,False,False,False,False,False,False
ApaBI,False,False,False,False,False,False,False,False
Cal14237I,False,False,False,False,False,False,False,False
HpyUM032XIV,False,False,False,False,False,False,False,False
BstUI,False,False,False,False,False,False,False,False
BcgI,False,False,False,False,False,False,False,False
BinI,False,False,False,False,False,False,False,False
XmaIII,True,True,True,True,True,True,True,True
BsuI,False,False,False,False,False,False,False,False
BstV1I,False,False,False,False,False,False,False,False
PciSI,False,False,False,False,False,True,False,False
EciI,False,False,False,False,False,False,False,False
BseXI,False,False,False,False,False,False,False,False
LguI,False,False,False,False,False,True,False,False
Eam1104I,False,False,False,False,False,False,False,False
BseMI,False,False,False,False,False,False,False,False
Mva1269I,True,False,True,False,False,False,True,False
HpaII,False,False,False,False,False,False,False,False
Pse18267I,False,False,False,False,False,False,False,False
PctI,True,False,True,False,False,False,True,False
BcoDI,False,False,False,False,False,False,False,False
AjuI,True,True,True,False,False,True,True,True
ZrmI,False,False,False,True,True,False,False,False
MmeI,False,False,False,False,False,False,False,False
TspGWI,False,False,False,False,False,False,False,False
AmaCSI,False,False,False,False,False,False,False,False
HgiEII,False,False,False,False,False,False,False,False
LpnI,False,False,False,False,False,False,False,False
TspARh3I,False,False,False,False,False,False,False,False
PcsI,False,False,False,False,False,False,False,False
SduI,False,False,False,False,False,False,False,False
TscAI,False,False,False,False,False,False,False,False
BspMI,False,False,True,True,True,True,True,True
Esp3I,False,False,False,False,False,False,False,False
BciVI,False,False,False,False,False,False,False,False
TspDTI,False,False,False,False,False,False,False,False
BarI,True,True,False,False,False,True,True,True
BsiEI,False,False,False,False,False,False,False,False
BstMWI,False,False,False,False,False,False,False,False
SgrDI,True,True,True,True,True,True,True,True
Sth132I,False,False,False,False,False,False,False,False
EcoRV,False,True,False,False,False,False,True,True
HindII,False,False,False,False,False,False,True,True
BstBAI,False,True,False,False,False,False,True,False
BsoBI,True,False,True,False,False,False,True,False
Bbr7017II,False,False,False,False,False,False,False,False
PsuGI,False,False,False,False,False,False,False,False
AquIII,True,True,True,True,True,True,True,True
BspMII,True,False,False,False,False,True,True,False
PfoI,False,False,False,False,False,False,False,False
FaiI,False,False,False,False,False,False,False,False
MslI,False,False,False,False,False,False,False,False
Eco47III,True,False,False,False,False,True,True,True
PspCI,True,True,True,True,True,True,True,True
Bse1I,False,False,False,False,False,False,False,False
BstFNI,False,False,False,False,False,False,False,False
BtuMI,True,True,True,False,False,True,True,True
HpyCH4V,False,False,False,False,False,False,False,False
NsbI,False,False,False,False,False,False,False,False
EcoICRI,True,False,True,True,True,True,True,True
AlwI,False,False,False,False,False,False,False,False
AscI,True,True,True,True,True,True,True,True
Tth111I,False,False,False,False,False,True,True,False
AvrII,True,True,True,True,True,True,True,True
BlnI,True,True,True,True,True,True,True,True
BshTI,True,True,True,True,True,True,True,True
Bsp19I,True,True,True,False,True,True,True,False
Cfr13I,False,False,False,False,False,False,False,False
EcoRII,False,False,False,False,False,False,False,False
MvaI,False,False,False,False,False,False,False,False
PspPI,False,False,False,False,False,False,False,False
SexAI,True,True,True,True,True,True,True,True
AchA6III,False,False,False,False,False,False,False,False
Sno506I,False,False,False,True,True,False,False,False
AoxI,False,False,False,False,False,False,False,False
AsuII,False,True,True,True,True,True,True,True
Bse118I,False,False,False,False,False,False,False,False
BlsI,False,False,False,False,False,False,False,False
RdeGBIII,False,False,False,False,False,False,False,False
EsaBC3I,False,False,False,False,False,False,False,False
Eco43896II,False,False,False,False,False,False,False,False
SfaAI,True,True,True,False,False,True,True,True
BspHI,False,False,False,False,False,False,False,False
BpuEI,False,False,False,False,False,False,False,False
BssSI,False,False,False,False,False,False,False,False
Lsp1109I,False,False,False,False,False,False,False,False
CfrI,False,False,False,False,False,False,False,False
VpaK11AI,False,False,False,False,False,False,False,False
HbaII,False,False,False,False,False,False,False,False
BspANI,False,False,False,False,False,False,False,False
HpyAV,False,False,False,False,False,False,False,False
PmlI,True,True,True,True,True,True,True,True
Bsh1236I,False,False,False,False,False,False,False,False
EclXI,True,True,True,True,True,True,True,True
FspBI,False,False,False,False,False,False,False,False
Hsp92I,False,False,False,False,False,False,False,False
AccI,True,True,False,False,False,True,True,False
BkrAM31DI,False,False,False,False,False,False,True,True
Rmu369III,False,False,False,False,False,False,False,False
NmeDI,False,False,False,False,False,False,False,False
BccI,False,False,False,False,False,False,False,False
CspCI,True,True,True,True,True,True,True,True
UbaF9I,True,True,True,False,False,True,True,True
Pfl1108I,False,False,False,False,False,False,False,False
BbvCI,True,True,True,True,True,True,True,True
CviQI,False,False,False,False,False,False,False,False
EcoRI,True,True,True,True,True,True,True,False
BseAI,True,False,False,False,False,True,True,False
BspMAI,False,True,False,True,True,True,True,True
Pst14472I,False,False,False,False,False,False,False,False
Nli3877I,True,False,True,False,False,False,True,False
Cau10061II,False,False,False,False,False,False,False,False
UbaF11I,False,False,False,False,False,False,False,False
UbaPI,False,False,False,False,False,False,False,False
AhaIII,False,False,False,True,True,False,False,False
BglII,True,False,False,False,False,True,True,True
Aor51HI,True,False,False,False,False,True,True,True
BmiI,False,False,False,False,False,False,False,False
AhlI,True,True,True,True,True,True,True,True
BssAI,False,False,False,False,False,False,False,False
BstAFI,True,True,True,True,True,True,True,True
BstX2I,False,False,False,False,False,False,False,False
HhaI,False,False,False,False,False,False,False,False
PluTI,False,False,False,False,False,False,False,True
NlaCI,False,False,False,False,False,False,False,False
TaqI,False,False,False,False,False,False,False,False
MboI,False,False,False,False,False,False,False,False
MspI,False,False,False,False,False,False,False,False
NgoMIV,True,True,False,False,False,False,True,True
XhoI,True,True,True,True,True,True,True,False
SalI,True,True,True,True,True,True,True,True
BstEII,False,False,False,False,False,False,True,True
Aod1I,False,False,False,False,False,False,True,True
Vtu19109I,False,False,False,False,False,False,True,True
XspI,False,False,False,False,False,False,False,False
SlaI,True,True,True,True,True,True,True,False
TasI,False,False,False,False,False,False,False,False
Vha464I,True,True,True,True,True,True,True,True
BfuI,False,False,False,False,False,False,False,False
KroI,True,True,False,False,False,False,True,True
MaeII,False,False,False,False,False,False,False,False
Mly113I,False,False,False,False,False,False,False,True
MspCI,True,True,True,True,True,True,True,True
PagI,False,False,False,False,False,False,False,False
SspDI,False,False,False,False,False,False,False,True
PsiI,True,False,False,False,False,False,True,False
BscGI,False,False,False,False,False,False,False,False
CdpI,False,False,False,False,False,False,False,False
AspDUT2V,False,False,False,False,False,False,False,False
AcuI,False,False,False,False,False,False,False,False
AluBI,False,False,False,False,False,False,False,False
BstAPI,False,False,False,False,False,False,False,False
Hpy99I,False,False,False,False,False,False,False,False
TspRI,False,False,False,False,False,False,False,False
PabI,False,False,False,False,False,False,False,False
FtnUV,False,False,False,False,False,True,False,True
Hpy99XIV,False,False,False,False,False,False,False,False
Lpl1004II,False,False,False,False,False,False,False,False
AvaI,True,False,True,False,False,False,True,False
PfrJS12IV,False,False,False,False,False,False,False,False
Cdu23823II,False,False,False,False,False,False,False,False
Cco14983V,False,False,False,False,False,False,False,False
Cgl13032I,False,False,False,False,False,False,False,False
Cba13II,True,True,False,False,False,False,True,True
BseRI,True,True,True,True,True,True,True,False
BstF5I,False,False,False,False,False,False,False,False
CjeP659IV,False,False,False,False,False,False,False,False
BbvII,False,False,False,False,False,False,True,False
Pal408I,False,False,False,False,False,False,False,False
Ssp6803IV,False,False,False,False,False,False,False,False
AflII,True,True,True,True,True,True,True,True
RdeGBI,False,False,False,False,False,False,False,False
Eli8509II,False,False,False,False,False,False,False,False
Cma23826I,False,False,False,False,False,False,False,False
Rtr1953I,False,False,False,False,False,False,False,False
Ecl234I,False,False,False,False,False,False,False,False
CjeNII,False,False,False,False,False,False,False,False
Bsp24I,False,False,False,False,False,False,False,False
AsuI,False,False,False,False,False,False,False,False
Rsp531II,True,False,True,True,True,True,True,True
TaqIII,False,False,False,False,False,False,False,False
BsiYI,False,False,False,False,False,False,False,False
SphI,True,True,False,False,False,True,True,True
Cfr9I,True,True,True,False,False,True,True,True
SenA1673III,False,False,False,False,False,False,False,False
BspD6I,False,False,False,False,False,False,False,False
CchII,False,False,False,False,False,False,False,False
Sse232I,True,True,True,True,True,True,True,True
ScaI,False,False,False,True,True,False,False,False
SspI,False,False,False,False,False,False,False,False
KpnNIH30III,False,False,False,False,False,False,False,False
Mba11I,False,False,False,False,False,False,False,False
HspMHR1II,True,True,True,True,True,True,True,True
ObaBS10I,False,False,False,False,False,False,False,False
LlaG50I,False,False,False,False,False,False,True,True
DraRI,False,False,False,False,False,False,False,False
MspI7II,False,False,False,False,False,False,True,True
Kor51II,False,False,False,False,False,False,True,True
Kpn327I,False,False,False,False,False,False,True,True
BisI,False,False,False,False,False,False,False,False
BmgT120I,False,False,False,False,False,False,False,False
PdmI,False,False,False,False,False,False,False,False
Bse21I,False,False,True,True,True,True,True,True
BsiHKCI,True,False,True,False,False,False,True,False
RpaTI,False,False,False,True,True,False,False,False
NhoI,False,False,False,False,False,False,False,False
MstI,False,False,False,False,False,False,False,False
Nal45188II,False,False,False,False,False,False,False,False
Hpy178III,False,False,False,False,False,False,False,False
Psp5II,True,False,False,False,False,True,True,True
PsyI,False,False,False,False,False,True,True,False
SgeI,False,False,False,False,False,False,False,False
XagI,False,True,False,False,False,False,True,True
CviJI,False,False,False,False,False,False,False,False
AccII,False,False,False,False,False,False,False,False
BspTI,True,True,True,True,True,True,True,True
Pfl23II,True,False,True,True,True,True,True,True
BstSFI,False,False,False,False,False,False,False,False
CsiI,True,True,True,True,True,True,True,True
PspPRI,False,False,False,False,False,False,False,False
AbsI,True,True,True,True,True,True,True,True
AhyYL17I,True,False,False,False,False,True,True,False
Ppu10I,True,True,True,False,False,True,True,True
BspT104I,False,True,True,True,True,True,True,True
ErhI,True,True,False,False,False,True,True,False
FmuI,False,False,False,False,False,False,False,False
BmeDI,False,False,False,False,False,False,False,False
HaeI,False,False,False,False,False,False,False,False
Tru1I,False,False,False,False,False,False,False,False
Bve1B23I,False,False,True,False,False,True,True,True
HpyUM032XIII_mut1,False,False,False,False,False,False,False,False
AjiI,True,False,True,True,True,True,True,True
Bpu10I,True,False,False,False,False,True,True,False
ApeKI,False,False,False,False,False,False,False,False
BmrI,False,False,False,False,False,False,False,False
BstKTI,False,False,False,False,False,False,False,False
FaeI,False,False,False,False,False,False,False,False
Mph1103I,True,True,True,False,False,True,True,True
Ple19I,False,False,False,False,False,False,False,False
RigI,True,True,True,True,True,True,True,True
Sfr303I,True,True,True,True,True,True,True,True
Sse8387I,True,True,True,True,True,True,True,True
Zsp2I,True,True,True,False,False,True,True,True
PpiP13II,False,False,False,False,False,False,True,True
Lsp6406VI,False,True,True,True,True,True,True,True
BsgI,False,False,False,False,False,False,True,True
HpyAXIV,False,False,False,False,False,False,False,False
ZraI,False,True,True,True,True,True,False,False
BcefI,False,False,False,False,False,False,False,False
Pdi8503III,False,False,False,False,False,False,False,False
TpyTP2I,False,False,False,True,True,False,False,False
KasI,False,False,False,False,False,False,False,True
BstMAI,False,False,False,False,False,False,False,False
BtsCI,False,False,False,False,False,False,False,False
BsrDI,False,False,False,False,False,False,False,False
BseGI,False,False,False,False,False,False,False,False
LmnI,False,False,False,False,False,False,False,False
HindIII,True,True,True,True,True,True,True,True
BspPI,False,False,False,False,False,False,False,False
CseI,False,False,False,False,False,False,False,False
MspJI,False,False,False,False,False,False,False,False
SfuI,False,True,True,True,True,True,True,True
Hin4I,False,False,False,False,False,False,False,False
RlaI,False,False,False,False,False,False,False,False
GlaI,False,False,False,False,False,False,False,False
PflFI,False,False,False,False,False,True,True,False
BspACI,False,False,False,False,False,False,False,False
BseMII,False,False,False,False,False,False,False,False
MboII,False,False,False,False,False,False,False,False
TaqII,False,False,False,False,False,False,False,False
BspOI,True,True,True,False,True,False,True,False
BetI,False,False,False,False,False,False,False,False
BthCI,False,False,False,False,False,False,False,False
AbaB8342IV,False,False,False,False,False,False,False,True
EcoHI,False,False,False,False,False,False,False,False
Lba2029III,False,False,False,False,False,False,False,False
FspEI,False,False,False,False,False,False,False,False
Eco31I,False,False,False,True,True,False,False,False
AsuHPI,False,False,False,False,False,False,False,False
Bsh1285I,False,False,False,False,False,False,False,False
BstMCI,False,False,False,False,False,False,False,False
DrdI,False,False,False,False,False,False,False,False
Eco24I,False,False,False,False,False,False,True,True
MhlI,False,False,False,False,False,False,False,False
PstNI,False,False,False,False,False,False,False,False
TauI,False,False,False,False,False,False,False,False
CauII,False,False,False,False,False,False,False,False
BauI,False,False,False,False,False,False,False,False
BbvI,False,False,False,False,False,False,False,False
BspCNI,False,False,False,False,False,False,False,False
HincII,False,False,False,False,False,False,True,True
MspA1I,False,False,False,False,False,False,False,False
BsaJI,False,False,False,False,False,False,False,False
AatII,False,True,True,True,True,True,False,False
AccB7I,False,False,False,False,False,False,True,False
Bbr57III,False,False,False,False,False,False,True,False
BbuB31II,False,False,False,False,False,False,False,False
SmaUMH8I,False,False,False,False,False,False,False,False
MscI,False,False,True,True,True,True,True,False
Hpy166II,False,False,False,False,False,False,False,False
AciI,False,False,False,False,False,False,False,False
BstZ17I,True,True,False,False,False,True,True,False
MvnI,False,False,False,False,False,False,False,False
Eco147I,True,True,True,True,True,True,True,True
RseI,False,False,False,False,False,False,False,False
Psp1406I,False,False,False,False,False,False,False,False
MlsI,False,False,True,True,True,True,True,False
PdiI,True,True,False,False,False,False,True,True
CviRI,False,False,False,False,False,False,False,False
ApoI,False,False,False,False,False,False,True,False
BclI,False,False,False,False,False,False,True,True
CjeI,False,False,False,False,False,False,False,False
HpyF3I,False,False,False,False,False,False,False,False
Bag18758I,True,False,True,True,True,False,True,True
ScrFI,False,False,False,False,False,False,False,False
StyI,True,True,False,False,False,True,True,False
Tsp45I,False,False,False,False,False,False,False,False
BalI,False,False,True,True,True,True,True,False
BfrI,True,True,True,True,True,True,True,True
BseX3I,True,True,True,True,True,True,True,True
Bsp13I,True,False,False,False,False,True,True,False
Bsp143I,False,False,False,False,False,False,False,False
Bsu36I,False,False,True,True,True,True,True,True
EcoO109I,False,False,False,False,False,False,False,False
XapI,False,False,False,False,False,False,True,False
BsrI,False,False,False,False,False,False,False,False
Acc65I,True,True,True,True,True,True,True,True
Aor13HI,True,False,False,False,False,True,True,False
AspA2I,True,True,True,True,True,True,True,True
Bsa29I,True,True,True,False,False,False,True,True
Bbv12I,False,False,False,False,False,False,False,False
BseSI,False,False,False,False,False,False,False,False
AcoY31II,False,False,False,False,False,False,False,False
BscAI,False,False,False,False,False,False,False,False
HgaI,False,False,False,False,False,False,False,False
DraI,False,False,False,True,True,False,False,False
BstYI,False,False,False,False,False,False,False,False
BsiWI,True,False,True,True,True,True,True,True
Pst273I,True,False,False,False,False,True,True,True
McrI,False,False,False,False,False,False,False,False
CjuII,True,False,False,False,False,True,True,True
PpiI,False,False,False,False,False,False,False,False
Sth302II,False,False,False,False,False,False,False,False
UnbI,False,False,False,False,False,False,False,False
SecI,False,False,False,False,False,False,False,False
Mlu211III,False,False,False,False,False,False,False,False
Pin17FIII,False,False,False,False,False,False,False,False
Bsp68I,True,True,True,False,False,True,True,True
BplI,True,True,True,True,True,True,True,True
AluI,False,False,False,False,False,False,False,False
NruI,True,True,True,False,False,True,True,True
AgeI,True,True,True,True,True,True,True,True
CspAI,True,True,True,True,True,True,True,True
FbaI,False,False,False,False,False,False,True,True
HpySE526I,False,False,False,False,False,False,False,False
Bga514I,False,False,False,False,False,False,False,False
SdeOSI,False,False,False,False,False,False,False,False
Eco32I,False,True,False,False,False,False,True,True
TsuI,False,False,False,False,False,False,False,False
Eco88I,True,False,True,False,False,False,True,False
Vdi96II,True,True,False,False,False,False,True,True
CviAII,False,False,False,False,False,False,False,False
EagI,True,True,True,True,True,True,True,True
Bsc4I,False,False,False,False,False,False,False,False
AvaIII,True,True,True,False,False,True,True,True
UbaF14I,False,False,False,False,False,False,True,False
SpeI,True,True,True,True,True,True,True,True
AfeI,True,False,False,False,False,True,True,True
BmcAI,False,False,False,True,True,False,False,False
Bse8I,True,False,False,False,False,True,True,True
BstACI,False,False,False,False,False,False,False,False
BstMBI,False,False,False,False,False,False,False,False
CciI,False,False,False,False,False,False,False,False
HaeII,False,False,False,False,False,False,False,False
NspI,False,False,False,False,False,False,False,False
SacII,True,True,True,True,True,True,True,True
RpaBI,True,False,True,True,True,True,True,True
PspEI,False,False,False,False,False,False,True,True
Sse9I,False,False,False,False,False,False,False,False
Kpn2I,True,False,False,False,False,True,True,False
MseI,False,False,False,False,False,False,False,False
NdeI,True,True,True,False,True,True,False,False
XbaI,True,True,False,False,False,True,True,False
PaeR7I,True,True,True,True,True,True,True,False
BstDSI,False,False,False,False,False,True,True,False
BdaI,False,False,False,False,False,False,False,False
Bau1417V,False,False,False,False,False,False,False,False
NspBII,False,False,False,False,False,False,False,False
SspMI,False,False,False,False,False,False,False,False
Tru9I,False,False,False,False,False,False,False,False
SmiI,False,True,True,True,True,True,True,True
XmaJI,True,True,True,True,True,True,True,True
BmsI,False,False,False,False,False,False,False,False
MaeI,False,False,False,False,False,False,False,False
MluCI,False,False,False,False,False,False,False,False
MroNI,True,True,False,False,False,False,True,True
NspV,False,True,True,True,True,True,True,True
PciI,False,False,False,False,False,True,False,False
DinI,False,False,False,False,False,False,False,True
Ksp632I,False,False,False,False,False,False,False,False
BloAII,False,False,False,False,False,False,False,False
FspPK15I,False,False,False,False,False,True,False,False
Sba460II,False,False,False,False,False,False,False,False
GdiII,False,False,False,False,False,False,False,False
TstI,False,False,False,False,False,False,True,True
Pac19842II,False,False,False,False,False,False,False,False
Ssp714II,False,False,False,False,False,False,False,False
GsaI,False,False,False,False,False,False,False,False
Bsp1286I,False,False,False,False,False,False,False,False
EcoT38I,False,False,False,False,False,False,True,True
SfiI,True,True,True,True,True,True,True,True
Hpy99XIII,False,False,False,False,False,False,False,False
SstE37I,False,False,False,False,False,False,True,True
PsuI,False,False,False,False,False,False,False,False
BmgBI,True,False,True,True,True,True,True,True
AspS9I,False,False,False,False,False,False,False,False
PflPt14I,False,False,False,False,False,False,True,True
HinfI,False,False,False,False,False,False,False,False
Cdi11397I,False,False,False,False,False,False,False,False
Cch467III,False,False,False,False,False,False,False,False
Cfupf3II,False,False,False,False,False,False,False,False
SplI,True,False,True,True,True,True,True,True
DrdIV,False,False,False,False,False,False,True,True
MspR9I,False,False,False,False,False,False,False,False
BspGI,True,False,False,False,False,True,True,True
CdiI,False,False,False,False,False,False,False,False
Kpn156V,False,False,True,False,False,True,False,True
AceIII,False,False,False,False,False,False,False,False
BveI,False,False,True,True,True,True,True,True
AclI,False,False,False,False,False,False,False,False
Rba2021I,False,False,False,True,True,False,False,False
Fco1691IV,False,False,False,False,False,False,False,False
Cly7489II,False,False,False,False,False,False,False,False
CjeFV,False,False,False,False,False,False,False,False
DvuIII,True,True,True,True,True,True,True,True
AccBSI,False,False,False,False,False,False,False,False
Bsu15I,True,True,True,False,False,False,True,True
Sen17963III,False,False,False,False,False,False,False,False
Tsp4CI,False,False,False,False,False,False,False,False
BsbI,False,False,False,False,False,False,False,False
MtuHN878II,True,True,True,True,True,True,True,True
FalI,True,True,True,True,True,False,True,True
SnaBI,True,True,True,True,True,True,True,True
Acc16I,False,False,False,False,False,False,False,False
BanII,False,False,False,False,False,False,True,True
HpyUM037X,False,False,False,False,False,False,False,False
HgiAI,False,False,False,False,False,False,False,False
PspOMII,False,False,False,False,False,False,False,True
DraII,False,False,False,False,False,False,False,False
EspI,True,False,False,False,False,True,True,False
Lde4408II,True,False,False,False,False,False,True,False
BfmI,False,False,False,False,False,False,False,False
BmeT110I,True,False,True,False,False,False,True,False
BpuMI,False,False,False,False,False,False,False,False
BshNI,False,False,False,False,False,False,False,False
EcoMVII,False,False,False,False,False,False,False,False
EcoT14I,True,True,False,False,False,True,True,False
AbaCIII,True,True,False,False,False,False,True,False
EcoE1140I,False,False,False,False,False,False,False,False
ChaI,False,False,False,False,False,False,False,False
TatI,False,False,False,False,False,False,False,False
BspNCI,False,False,False,False,False,False,False,False
HpyAXVIII,False,False,False,False,False,False,False,False
PspPPI,True,False,False,False,False,True,True,True
SfcI,False,False,False,False,False,False,False,False
VpaK11BI,False,False,False,False,False,False,False,False
StyD4I,False,False,False,False,False,False,False,False
Cac8I,False,False,False,False,False,False,False,False
BspEI,True,False,False,False,False,True,True,False
BstSCI,False,False,False,False,False,False,False,False
CpoI,True,False,True,True,True,True,True,True
Eco81I,False,False,True,True,True,True,True,True
EcoO65I,False,False,False,False,False,False,True,True
SatI,False,False,False,False,False,False,False,False
Ama87I,True,False,True,False,False,False,True,False
AdeI,True,True,False,False,False,False,True,True
AhyRBAHI,False,False,False,False,False,False,False,False
PliMI,False,False,False,False,False,True,True,True
Lsp48III,False,False,False,False,False,False,False,False
StuI,True,True,True,True,True,True,True,True
BfuAI,False,False,True,True,True,True,True,True
ArsI,True,True,True,True,True,True,True,False
Pcr308II,True,False,True,True,True,True,True,True
SurP32aII,False,False,False,False,False,False,False,False
AasI,False,False,False,False,False,False,False,False
XceI,False,False,False,False,False,False,False,False
SsiI,False,False,False,False,False,False,False,False
BsmFI,False,False,False,False,False,False,True,True
BsaAI,False,True,False,False,False,False,True,False
BstHHI,False,False,False,False,False,False,False,False
EcoT22I,True,True,True,False,False,True,True,True
Sfr274I,True,True,True,True,True,True,True,False
KspI,True,True,True,True,True,True,True,True
PaeI,True,True,False,False,False,True,True,True
WviI,False,False,False,False,False,False,False,False
CjePI,False,False,False,False,False,False,False,False
TaiI,False,False,False,False,False,False,False,False
BtrI,True,False,True,True,True,True,True,True
Hpy300XI,False,False,False,False,False,False,False,False
FspAI,True,False,False,False,False,True,True,True
PspGI,False,False,False,False,False,False,False,False
MjaIV,False,False,False,False,False,False,False,False
MspGI,True,True,False,False,False,False,True,True
PfeI,False,False,False,False,False,False,False,False
NgoAVII,False,False,False,False,False,False,False,False
BspLU11I,False,False,False,False,False,True,False,False
KpnNIH50I,False,True,True,True,True,True,True,False
FauI,False,False,False,False,False,False,False,False
HspAI,False,False,False,False,False,False,False,False
Bst6I,False,False,False,False,False,False,False,False
BtsIMutI,False,False,False,False,False,False,False,False
Bse3DI,False,False,False,False,False,False,False,False
SfaNI,False,False,False,False,False,False,False,False
HinP1I,False,False,False,False,False,False,False,False
Ksp22I,False,False,False,False,False,False,True,True
Bso31I,False,False,False,True,True,False,False,False
BsmI,True,False,True,False,False,False,True,False
Ppu21I,False,True,False,False,False,False,True,False
NpeUS61II,True,True,True,True,True,True,True,True
SmaUMH5I,True,True,False,False,False,False,True,True
NmeAIII,False,False,False,False,False,False,False,False
Aba6411II,False,False,False,False,False,False,False,False
RleAI,False,False,True,True,True,True,True,True
RlaII,False,False,False,False,False,False,False,False
PshBI,False,False,False,False,False,False,False,False
DsaI,False,False,False,False,False,True,True,False
